ma,ten,san,icb1,icb2,icb3
A32,Công ty Cổ phần 32,UPCOM,Hàng Tiêu dùng,Hàng cá nhân & Gia dụng,Hàng cá nhân
AAA,Công ty Cổ phần Nhựa An Phát Xanh,HOSE,Nguyên vật liệu,Hóa chất,Hóa chất
AAH,Công ty Cổ phần Hợp Nhất,UPCOM,Nguyên vật liệu,Tài nguyên Cơ bản,Khai khoáng
AAM,Công ty Cổ Phần Thủy Sản MeKong,HOSE,Hàng Tiêu dùng,Thực phẩm và đồ uống,Sản xuất thực phẩm
AAN,Công ty Cổ phần Lương thực A An,HOSE,Hàng Tiêu dùng,Thực phẩm và đồ uống,Sản xuất thực phẩm
AAS,Công ty Cổ phần Chứng khoán SmartInvest,UPCOM,Tài chính,Dịch vụ tài chính,Dịch vụ tài chính
AAT,Công ty Cổ phần Tập đoàn Tiên Sơn Thanh Hóa,HOSE,Hàng Tiêu dùng,Hàng cá nhân & Gia dụng,Hàng cá nhân
AAV,Công ty Cổ phần AAV Group,UPCOM,Tài chính,Bất động sản,Bất động sản
ABB,Ngân hàng Thương mại Cổ phần An Bình,UPCOM,Ngân hàng,Ngân hàng,Ngân hàng
ABC,Công ty Cổ phần Truyền thông VMG,UPCOM,Viễn thông,Viễn thông,Viễn thông di động
ABI,Công ty Cổ phần Bảo hiểm Ngân hàng Nông Nghiệp,UPCOM,Tài chính,Bảo hiểm,Bảo hiểm phi nhân thọ
ABR,Công ty Cổ phần Đầu tư Nhãn Hiệu Việt,HOSE,Công nghiệp,Hàng & Dịch vụ Công nghiệp,Tư vấn & Hỗ trợ Kinh doanh
ABS,Công ty Cổ phần Dịch vụ Nông nghiệp Bình Thuận,HOSE,Nguyên vật liệu,Hóa chất,Hóa chất
ABT,Công ty Cổ phần Xuất nhập khẩu Thủy sản Bến Tre,HOSE,Hàng Tiêu dùng,Thực phẩm và đồ uống,Sản xuất thực phẩm
ABW,Công ty Cổ phần Chứng khoán An Bình,UPCOM,Tài chính,Dịch vụ tài chính,Dịch vụ tài chính
ACB,Ngân hàng Thương mại Cổ phần Á Châu,HOSE,Ngân hàng,Ngân hàng,Ngân hàng
ACC,Công ty Cổ phần Đầu tư và Xây dựng Bình Dương ACC,HOSE,Công nghiệp,Xây dựng và Vật liệu,Xây dựng và Vật liệu
ACE,Công ty Cổ phần Bê tông ly tâm An Giang,UPCOM,Công nghiệp,Xây dựng và Vật liệu,Xây dựng và Vật liệu
ACG,Công ty Cổ phần Gỗ An Cường,HOSE,Nguyên vật liệu,Tài nguyên Cơ bản,Lâm nghiệp và Giấy
ACL,Công ty Cổ phần Xuất nhập khẩu Thủy sản Cửu Long An Giang,HOSE,Hàng Tiêu dùng,Thực phẩm và đồ uống,Sản xuất thực phẩm
ACM,Công ty Cổ phần Tập đoàn Khoáng sản Á Cường,UPCOM,Nguyên vật liệu,Tài nguyên Cơ bản,Khai khoáng
ACS,Công ty Cổ phần Xây lắp Thương mại 2,UPCOM,Công nghiệp,Xây dựng và Vật liệu,Xây dựng và Vật liệu
ACV,Tổng Công ty Cảng Hàng không Việt Nam - CTCP,UPCOM,Công nghiệp,Hàng & Dịch vụ Công nghiệp,Vận tải
ADC,Công ty Cổ phần Mĩ thuật và Truyền thông,HNX,Dịch vụ Tiêu dùng,Truyền thông,Truyền thông
ADG,Công ty Cổ phần Clever Group,HOSE,Dịch vụ Tiêu dùng,Truyền thông,Truyền thông
ADP,Công ty Cổ phần Sơn Á Đông,HOSE,Công nghiệp,Xây dựng và Vật liệu,Xây dựng và Vật liệu
ADS,Công ty Cổ phần DAMSAN,HOSE,Hàng Tiêu dùng,Hàng cá nhân & Gia dụng,Hàng cá nhân
AFX,Công ty Cổ phần Xuất Nhập khẩu Nông sản Thực phẩm An Giang,HOSE,Dịch vụ Tiêu dùng,Bán lẻ,Phân phối thực phẩm & dược phẩm
AG1,Công ty Cổ phần 28.1,UPCOM,Hàng Tiêu dùng,Hàng cá nhân & Gia dụng,Hàng cá nhân
AGF,Công ty Cổ phần Xuất nhập khẩu Thủy sản An Giang,UPCOM,Hàng Tiêu dùng,Thực phẩm và đồ uống,Sản xuất thực phẩm
AGG,Công ty Cổ phần Đầu tư và Phát triển Bất động sản An Gia,HOSE,Tài chính,Bất động sản,Bất động sản
AGM,Công ty Cổ phần Xuất nhập khẩu An Giang,UPCOM,Hàng Tiêu dùng,Thực phẩm và đồ uống,Sản xuất thực phẩm
AGP,Công ty Cổ phần Dược phẩm AGIMEXPHARM,UPCOM,Dược phẩm và Y tế,Y tế,Dược phẩm
AGR,Công ty Cổ phần Chứng khoán AGRIBANK,HOSE,Tài chính,Dịch vụ tài chính,Dịch vụ tài chính
AGX,Công ty Cổ phần Thực phẩm Nông sản Xuất khẩu Sài Gòn,UPCOM,Dịch vụ Tiêu dùng,Bán lẻ,Phân phối thực phẩm & dược phẩm
AIC,Công ty Cổ phần Tập đoàn Bảo hiểm DBV,UPCOM,Tài chính,Bảo hiểm,Bảo hiểm phi nhân thọ
AIG,Công ty Cổ phần Nguyên liệu Á Châu AIG,UPCOM,Hàng Tiêu dùng,Thực phẩm và đồ uống,Sản xuất thực phẩm
ALC,Công ty Cổ phần Âu Lạc,UPCOM,Công nghiệp,Hàng & Dịch vụ Công nghiệp,Vận tải
ALT,Công ty Cổ phần Văn hóa Tân Bình,HNX,Dịch vụ Tiêu dùng,Truyền thông,Truyền thông
ALV,Công ty Cổ phần Tập đoàn MCST,UPCOM,Công nghiệp,Xây dựng và Vật liệu,Xây dựng và Vật liệu
AMC,Công ty Cổ phần Khoáng sản Á Châu,HNX,Nguyên vật liệu,Tài nguyên Cơ bản,Khai khoáng
AME,Công ty cổ phần Alphanam E&C,HNX,Công nghiệp,Hàng & Dịch vụ Công nghiệp,Điện tử & Thiết bị điện
AMP,Công ty Cổ phần Armephaco,UPCOM,Dược phẩm và Y tế,Y tế,Dược phẩm
AMS,Công ty Cổ phần Cơ khí Xây dựng AMECC,UPCOM,Công nghiệp,Hàng & Dịch vụ Công nghiệp,Tư vấn & Hỗ trợ Kinh doanh
AMV,Công ty Cổ phần Sản xuất Kinh doanh Dược và Trang thiết bị Y tế Việt Mỹ,HNX,Dược phẩm và Y tế,Y tế,Thiết bị và Dịch vụ Y tế
ANI,Công ty Cổ phần ANI,UPCOM,Tiện ích Cộng đồng,"Điện, nước & xăng dầu khí đốt",Sản xuất & Phân phối Điện
ANT,Công ty Cổ phần Rau quả Thực phẩm An Giang,HOSE,Hàng Tiêu dùng,Thực phẩm và đồ uống,Sản xuất thực phẩm
ANV,Công ty Cổ phần Nam Việt,HOSE,Hàng Tiêu dùng,Thực phẩm và đồ uống,Sản xuất thực phẩm
APC,Công ty Cổ phần Chiếu xạ An Phú,UPCOM,Dược phẩm và Y tế,Y tế,Dược phẩm
APF,Công ty Cổ phần Nông sản Thực phẩm Quảng Ngãi,UPCOM,Hàng Tiêu dùng,Thực phẩm và đồ uống,Sản xuất thực phẩm
APG,Công ty Cổ phần Chứng khoán APG,HOSE,Tài chính,Dịch vụ tài chính,Dịch vụ tài chính
APH,Công ty Cổ phần Tập đoàn An Phát Holdings,HOSE,Công nghiệp,Hàng & Dịch vụ Công nghiệp,Hàng công nghiệp
API,Công ty Cổ phần Đầu tư Châu Á - Thái Bình Dương,HNX,Tài chính,Bất động sản,Bất động sản
APL,Công ty Cổ phần Cơ khí và Thiết bị áp lực - VVMI,UPCOM,Công nghiệp,Hàng & Dịch vụ Công nghiệp,Công nghiệp nặng
APP,Công ty Cổ phần Phát triển Phụ gia và Sản phẩm dầu mỏ,UPCOM,Nguyên vật liệu,Hóa chất,Hóa chất
APS,Công ty Cổ phần Chứng khoán Châu Á - Thái Bình Dương,HNX,Tài chính,Dịch vụ tài chính,Dịch vụ tài chính
APT,Công ty Cổ phần Kinh doanh thủy hải sản Sài Gòn,UPCOM,Hàng Tiêu dùng,Thực phẩm và đồ uống,Sản xuất thực phẩm
ARM,Công ty Cổ phần Xuất nhập khẩu Hàng không,HNX,Công nghiệp,Hàng & Dịch vụ Công nghiệp,Tư vấn & Hỗ trợ Kinh doanh
ART,Công ty Cổ phần Chứng khoán ARTEX,UPCOM,Tài chính,Dịch vụ tài chính,Dịch vụ tài chính
ASG,Công ty Cổ phần Tập đoàn ASG,HOSE,Công nghiệp,Hàng & Dịch vụ Công nghiệp,Vận tải
ASM,Công ty Cổ phần Tập đoàn Sao Mai,HOSE,Hàng Tiêu dùng,Thực phẩm và đồ uống,Sản xuất thực phẩm
ASP,Công ty Cổ phần Tập đoàn Dầu khí An Pha,HOSE,Tiện ích Cộng đồng,"Điện, nước & xăng dầu khí đốt",Nước & Khí đốt
AST,Công ty Cổ phần Dịch vụ Hàng không Taseco,HOSE,Dịch vụ Tiêu dùng,Bán lẻ,Bán lẻ
ATA,Công ty Cổ phần NTACO,UPCOM,Hàng Tiêu dùng,Thực phẩm và đồ uống,Sản xuất thực phẩm
ATG,Công ty Cổ phần ATG Planet,UPCOM,Nguyên vật liệu,Tài nguyên Cơ bản,Khai khoáng
ATP,Công ty Cổ phần Thương mại và Dịch vụ An Thành,HOSE,Hàng Tiêu dùng,Thực phẩm và đồ uống,Sản xuất thực phẩm
ATS,Công ty Cổ phần Tập đoàn Đầu tư ATS,HNX,Dịch vụ Tiêu dùng,Du lịch và Giải trí,Du lịch & Giải trí
AVC,Công ty Cổ phần Thủy điện A Vương,UPCOM,Tiện ích Cộng đồng,"Điện, nước & xăng dầu khí đốt",Sản xuất & Phân phối Điện
AVG,Công ty Cổ phần Phân Bón Quốc Tế Âu Việt,UPCOM,Nguyên vật liệu,Hóa chất,Hóa chất
BAB,Ngân hàng Thương mại Cổ phần Bắc Á,HNX,Ngân hàng,Ngân hàng,Ngân hàng
BAF,Công ty Cổ phần Nông nghiệp BAF Việt Nam,HOSE,Hàng Tiêu dùng,Thực phẩm và đồ uống,Sản xuất thực phẩm
BAL,Công ty Cổ phần Bao bì Bia - Rượu - Nước giải khát,UPCOM,Công nghiệp,Hàng & Dịch vụ Công nghiệp,Hàng công nghiệp
BAX,Công ty Cổ phần Thống Nhất,HNX,Công nghiệp,Xây dựng và Vật liệu,Xây dựng và Vật liệu
BBH,Công ty Cổ phần Bao bì Hoàng Thạch,UPCOM,Công nghiệp,Hàng & Dịch vụ Công nghiệp,Hàng công nghiệp
BBM,Công ty Cổ phần Bia Hà Nội - Nam Định,UPCOM,Hàng Tiêu dùng,Thực phẩm và đồ uống,Bia và đồ uống
BBS,Công ty Cổ phần VICEM Bao bì Bút Sơn,HNX,Công nghiệp,Hàng & Dịch vụ Công nghiệp,Hàng công nghiệp
BBT,Công ty Cổ phần Bông Bạch Tuyết,UPCOM,Hàng Tiêu dùng,Hàng cá nhân & Gia dụng,Hàng cá nhân
BCA,Công ty cổ phần B.C.H,UPCOM,Nguyên vật liệu,Tài nguyên Cơ bản,Kim loại
BCB,Công ty Cổ phần 397,UPCOM,Nguyên vật liệu,Tài nguyên Cơ bản,Khai khoáng
BCC,Công ty Cổ phần Xi măng Bỉm Sơn,HNX,Công nghiệp,Xây dựng và Vật liệu,Xây dựng và Vật liệu
BCE,Công ty Cổ phần Xây dựng và Giao thông Bình Dương,HOSE,Công nghiệp,Xây dựng và Vật liệu,Xây dựng và Vật liệu
BCF,Công ty Cổ phần Thực phẩm Bích Chi,HNX,Hàng Tiêu dùng,Thực phẩm và đồ uống,Sản xuất thực phẩm
BCH,Công ty Cổ phần Tập đoàn Dược Bảo Châu,HNX,Dược phẩm và Y tế,Y tế,Dược phẩm
BCM,Tập đoàn Đầu tư và Phát triển Công nghiệp Becamex - CTCP,HOSE,Tài chính,Bất động sản,Bất động sản
BCP,Công ty Cổ phần Dược Enlie,UPCOM,Dược phẩm và Y tế,Y tế,Dược phẩm
BCV,Công ty Cổ phần Du lịch và Thương mại Bằng Giang - Vimico,UPCOM,Dịch vụ Tiêu dùng,Du lịch và Giải trí,Du lịch & Giải trí
BDG,Công ty Cổ phần May mặc Bình Dương,UPCOM,Hàng Tiêu dùng,Hàng cá nhân & Gia dụng,Hàng cá nhân
BDT,Công ty Cổ phần Xây lắp và Vật liệu xây dựng Đồng Tháp,UPCOM,Công nghiệp,Xây dựng và Vật liệu,Xây dựng và Vật liệu
BDW,Công ty Cổ phần Cấp thoát nước Bình Định,UPCOM,Tiện ích Cộng đồng,"Điện, nước & xăng dầu khí đốt",Nước & Khí đốt
BED,Công ty Cổ phần Sách và Thiết bị trường học Đà Nẵng,HNX,Dịch vụ Tiêu dùng,Truyền thông,Truyền thông
BEL,Công ty Cổ phần Điện tử Biên Hòa,UPCOM,Hàng Tiêu dùng,Hàng cá nhân & Gia dụng,Hàng hóa giải trí
BFC,Công ty Cổ phần Phân bón Bình Điền,HOSE,Nguyên vật liệu,Hóa chất,Hóa chất
BGE,Công ty Cổ phần BCG Energy,UPCOM,Tiện ích Cộng đồng,"Điện, nước & xăng dầu khí đốt",Sản xuất & Phân phối Điện
BGW,Công ty Cổ phần Nước sạch Bắc Giang,UPCOM,Tiện ích Cộng đồng,"Điện, nước & xăng dầu khí đốt",Nước & Khí đốt
BHA,Công ty Cổ phần Thủy điện Bắc Hà,UPCOM,Tiện ích Cộng đồng,"Điện, nước & xăng dầu khí đốt",Sản xuất & Phân phối Điện
BHC,Công ty Cổ phần Bê tông Biên Hòa,UPCOM,Công nghiệp,Xây dựng và Vật liệu,Xây dựng và Vật liệu
BHG,Công ty Cổ phần Chè Biển Hồ,UPCOM,Hàng Tiêu dùng,Thực phẩm và đồ uống,Bia và đồ uống
BHH,Công ty Cổ Phần Bia Hà Nội - Hưng Yên 89,UPCOM,Hàng Tiêu dùng,Thực phẩm và đồ uống,Bia và đồ uống
BHI,Tổng Công ty Cổ phần Bảo hiểm Sài Gòn - Hà Nội,UPCOM,Tài chính,Bảo hiểm,Bảo hiểm phi nhân thọ
BHK,Công ty Cổ phần Bia Hà Nội - Kim Bài,UPCOM,Hàng Tiêu dùng,Thực phẩm và đồ uống,Bia và đồ uống
BHN,Tổng Công ty Cổ phần Bia - Rượu - Nước giải khát Hà Nội,HOSE,Hàng Tiêu dùng,Thực phẩm và đồ uống,Bia và đồ uống
BHP,Công ty Cổ phần Bia Hà Nội - Hải Phòng,UPCOM,Hàng Tiêu dùng,Thực phẩm và đồ uống,Bia và đồ uống
BIC,Tổng Công ty Cổ phần Bảo hiểm Ngân hàng Đầu tư và Phát triển Việt Nam,HOSE,Tài chính,Bảo hiểm,Bảo hiểm phi nhân thọ
BID,Ngân hàng Thương mại Cổ phần Đầu tư và Phát triển Việt Nam,HOSE,Ngân hàng,Ngân hàng,Ngân hàng
BIG,Công ty Cổ phần Tập đoàn Đầu tư BIG,UPCOM,Hàng Tiêu dùng,Thực phẩm và đồ uống,Sản xuất thực phẩm
BIO,Công ty Cổ phần Vắc xin và Sinh phẩm Nha Trang,UPCOM,Dược phẩm và Y tế,Y tế,Dược phẩm
BKC,Công ty Cổ phần Khoáng sản Bắc Kạn,HNX,Nguyên vật liệu,Tài nguyên Cơ bản,Khai khoáng
BKG,Công ty Cổ phần Đầu tư BKG Việt Nam,HOSE,Hàng Tiêu dùng,Hàng cá nhân & Gia dụng,Hàng gia dụng
BLF,Công ty Cổ phần Thủy sản Bạc Liêu,UPCOM,Hàng Tiêu dùng,Thực phẩm và đồ uống,Sản xuất thực phẩm
BLI,Tổng Công ty Cổ phần Bảo hiểm Bảo Long,UPCOM,Tài chính,Bảo hiểm,Bảo hiểm phi nhân thọ
BLN,Công ty Cổ phần Vận tải và Dịch vụ Liên Ninh,UPCOM,Dịch vụ Tiêu dùng,Du lịch và Giải trí,Du lịch & Giải trí
BLT,Công ty Cổ phần Lương thực Bình Định,UPCOM,Hàng Tiêu dùng,Thực phẩm và đồ uống,Sản xuất thực phẩm
BMC,Công ty Cổ phần Khoáng sản Bình Định,HOSE,Nguyên vật liệu,Tài nguyên Cơ bản,Khai khoáng
BMD,Công ty Cổ phần Môi trường và Dịch vụ Đô thị Bình Thuận,UPCOM,Công nghiệp,Hàng & Dịch vụ Công nghiệp,Tư vấn & Hỗ trợ Kinh doanh
BMF,Công ty Cổ phần Vật liệu Xây dựng và Chất đốt Đồng Nai,UPCOM,Tiện ích Cộng đồng,"Điện, nước & xăng dầu khí đốt",Nước & Khí đốt
BMG,Công ty Cổ phần May Bình Minh,UPCOM,Hàng Tiêu dùng,Hàng cá nhân & Gia dụng,Hàng cá nhân
BMI,Tổng Công ty Cổ phần Bảo Minh,HOSE,Tài chính,Bảo hiểm,Bảo hiểm phi nhân thọ
BMJ,Công ty Cổ phần Khoáng sản Miền Đông AHP,UPCOM,Nguyên vật liệu,Tài nguyên Cơ bản,Khai khoáng
BMK,Công ty Cổ Phần Kỹ thuật Nhiệt Mèo Đen,UPCOM,Công nghiệp,Xây dựng và Vật liệu,Xây dựng và Vật liệu
BMP,Công ty Cổ phần Nhựa Bình Minh,HOSE,Công nghiệp,Xây dựng và Vật liệu,Xây dựng và Vật liệu
BMS,Công ty Cổ phần Chứng khoán Bảo Minh,UPCOM,Tài chính,Dịch vụ tài chính,Dịch vụ tài chính
BMV,Công ty Cổ phần Bột mỳ Vinafood 1,UPCOM,Hàng Tiêu dùng,Thực phẩm và đồ uống,Sản xuất thực phẩm
BNA,Công ty Cổ phần Tập đoàn Đầu tư Bảo Ngọc,HNX,Hàng Tiêu dùng,Thực phẩm và đồ uống,Sản xuất thực phẩm
BNW,Công ty Cổ phần Nước sạch Bắc Ninh,UPCOM,Tiện ích Cộng đồng,"Điện, nước & xăng dầu khí đốt",Nước & Khí đốt
BOT,Công ty Cổ phần BOT Cầu Thái Hà,UPCOM,Công nghiệp,Xây dựng và Vật liệu,Xây dựng và Vật liệu
BPC,Công ty Cổ phần Vicem Bao bì Bỉm Sơn,HNX,Công nghiệp,Hàng & Dịch vụ Công nghiệp,Hàng công nghiệp
BQB,Công ty Cổ phần Bia Hà Nội - Quảng Bình,UPCOM,Hàng Tiêu dùng,Thực phẩm và đồ uống,Bia và đồ uống
BQP,Công ty Cổ phần Nhựa chất lượng cao Bình Thuận,UPCOM,Nguyên vật liệu,Hóa chất,Hóa chất
BRC,Công ty Cổ phần Cao su Bến Thành,HOSE,Nguyên vật liệu,Hóa chất,Hóa chất
BRR,Công ty Cổ phần Cao su Bà Rịa,UPCOM,Nguyên vật liệu,Hóa chất,Hóa chất
BRS,Công ty Cổ phần Dịch vụ Đô thị Bà Rịa,UPCOM,Công nghiệp,Hàng & Dịch vụ Công nghiệp,Tư vấn & Hỗ trợ Kinh doanh
BSA,Công ty Cổ phần Thủy điện Buôn Đôn,UPCOM,Tiện ích Cộng đồng,"Điện, nước & xăng dầu khí đốt",Sản xuất & Phân phối Điện
BSD,"Công ty Cổ phần Bia, Rượu Sài Gòn - Đồng Xuân",UPCOM,Hàng Tiêu dùng,Thực phẩm và đồ uống,Bia và đồ uống
BSG,Công ty Cổ phần Xe khách Sài Gòn,UPCOM,Dịch vụ Tiêu dùng,Du lịch và Giải trí,Du lịch & Giải trí
BSH,Công ty Cổ phần Bia Sài Gòn - Hà Nội,UPCOM,Hàng Tiêu dùng,Thực phẩm và đồ uống,Bia và đồ uống
BSI,Công ty Cổ phần Chứng khoán BIDV,HOSE,Tài chính,Dịch vụ tài chính,Dịch vụ tài chính
BSL,Công ty Cổ phần Bia Sài Gòn - Sông Lam,UPCOM,Hàng Tiêu dùng,Thực phẩm và đồ uống,Bia và đồ uống
BSP,Công ty Cổ phần Bia Sài Gòn - Phú Thọ,UPCOM,Hàng Tiêu dùng,Thực phẩm và đồ uống,Bia và đồ uống
BSQ,Công ty Cổ phần Bia Sài Gòn - Quảng Ngãi,UPCOM,Hàng Tiêu dùng,Thực phẩm và đồ uống,Bia và đồ uống
BSR,Công ty Cổ phần - Tổng Công ty Lọc Hoá dầu Việt Nam,HOSE,Dầu khí,Dầu khí,Sản xuất Dầu khí
BT1,Công ty Cổ phần Bảo vệ thực vật 1 Trung ương,UPCOM,Nguyên vật liệu,Hóa chất,Hóa chất
BT6,Công ty Cổ phần BETON 6,UPCOM,Công nghiệp,Xây dựng và Vật liệu,Xây dựng và Vật liệu
BTB,Công ty Cổ phần Bia Hà Nội - Thái Bình,UPCOM,Hàng Tiêu dùng,Thực phẩm và đồ uống,Bia và đồ uống
BTD,Công ty Cổ phần Bê tông ly tâm Thủ Đức,UPCOM,Công nghiệp,Xây dựng và Vật liệu,Xây dựng và Vật liệu
BTG,Công ty Cổ phần Bao bì Tiền Giang,UPCOM,Công nghiệp,Hàng & Dịch vụ Công nghiệp,Hàng công nghiệp
BTH,Công ty Cổ phần Chế tạo Biến thế và Vật liệu Điện Hà Nội,UPCOM,Công nghiệp,Hàng & Dịch vụ Công nghiệp,Điện tử & Thiết bị điện
BTN,Công ty Cổ phần Đầu tư Bitco Bình Định,UPCOM,Công nghiệp,Xây dựng và Vật liệu,Xây dựng và Vật liệu
BTP,Công ty Cổ phần Nhiệt điện Bà Rịa,HOSE,Tiện ích Cộng đồng,"Điện, nước & xăng dầu khí đốt",Sản xuất & Phân phối Điện
BTS,Công ty Cổ phần Xi măng VICEM Bút Sơn,HNX,Công nghiệp,Xây dựng và Vật liệu,Xây dựng và Vật liệu
BTT,Công ty Cổ phần Thương mại - Dịch vụ Bến Thành,HOSE,Dịch vụ Tiêu dùng,Bán lẻ,Bán lẻ
BTU,Công ty Cổ phần Công trình Đô thị Bến Tre,UPCOM,Công nghiệp,Hàng & Dịch vụ Công nghiệp,Tư vấn & Hỗ trợ Kinh doanh
BTV,Công ty Cổ phần Dịch vụ Du lịch Bến Thành,UPCOM,Dịch vụ Tiêu dùng,Du lịch và Giải trí,Du lịch & Giải trí
BTW,Công ty Cổ phần Cấp nước Bến Thành,HNX,Tiện ích Cộng đồng,"Điện, nước & xăng dầu khí đốt",Nước & Khí đốt
BVB,Ngân hàng Thương mại Cổ phần Bản Việt,HOSE,Ngân hàng,Ngân hàng,Ngân hàng
BVG,Công ty Cổ phần Group Bắc Việt,UPCOM,Nguyên vật liệu,Tài nguyên Cơ bản,Kim loại
BVH,Tập đoàn Bảo Việt,HOSE,Tài chính,Bảo hiểm,Bảo hiểm nhân thọ
BVL,Công ty Cổ phần BV Land,UPCOM,Tài chính,Bất động sản,Bất động sản
BVN,Công ty Cổ phần Bông Việt Nam,UPCOM,Hàng Tiêu dùng,Hàng cá nhân & Gia dụng,Hàng cá nhân
BVS,Công ty Cổ phần Chứng khoán Bảo Việt,HNX,Tài chính,Dịch vụ tài chính,Dịch vụ tài chính
BWA,Công ty Cổ phần Cấp thoát nước và Xây dựng Bảo Lộc,UPCOM,Tiện ích Cộng đồng,"Điện, nước & xăng dầu khí đốt",Nước & Khí đốt
BWE,Công ty Cổ phần - Tổng công ty Nước - Môi trường Bình Dương,HOSE,Tiện ích Cộng đồng,"Điện, nước & xăng dầu khí đốt",Nước & Khí đốt
BWS,Công ty Cổ phần Cấp Nước Bà Rịa - Vũng Tàu,UPCOM,Tiện ích Cộng đồng,"Điện, nước & xăng dầu khí đốt",Nước & Khí đốt
BXH,Công ty Cổ phần VICEM Bao bì Hải Phòng,HNX,Công nghiệp,Hàng & Dịch vụ Công nghiệp,Hàng công nghiệp
C21,Công ty Cổ phần Thế kỷ 21,UPCOM,Tài chính,Bất động sản,Bất động sản
C22,Công ty Cổ phần 22,UPCOM,Hàng Tiêu dùng,Thực phẩm và đồ uống,Sản xuất thực phẩm
C32,Công ty Cổ phần Đầu tư và Xây dựng 3-2,HOSE,Công nghiệp,Xây dựng và Vật liệu,Xây dựng và Vật liệu
C47,Công ty Cổ phần Xây dựng 47,HOSE,Công nghiệp,Xây dựng và Vật liệu,Xây dựng và Vật liệu
C4G,Công ty Cổ phần Tập Đoàn Cienco4,UPCOM,Công nghiệp,Xây dựng và Vật liệu,Xây dựng và Vật liệu
C69,Công ty Cổ phần Xây dựng 1369,HNX,Công nghiệp,Xây dựng và Vật liệu,Xây dựng và Vật liệu
C92,Công ty Cổ phần Xây dựng và Đầu tư 492,UPCOM,Công nghiệp,Xây dựng và Vật liệu,Xây dựng và Vật liệu
CAD,Công ty Cổ phần Chế biến và Xuất khẩu Thủy sản Cadovimex,UPCOM,Hàng Tiêu dùng,Thực phẩm và đồ uống,Sản xuất thực phẩm
CAF,Công ty Cổ phần Xuất nhập khẩu Nông Sản Thực Phẩm Cà Mau,UPCOM,Hàng Tiêu dùng,Thực phẩm và đồ uống,Sản xuất thực phẩm
CAG,Công ty Cổ phần Cảng An Giang,HNX,Công nghiệp,Hàng & Dịch vụ Công nghiệp,Vận tải
CAN,Công ty Cổ phần Đồ hộp Hạ Long,HNX,Hàng Tiêu dùng,Thực phẩm và đồ uống,Sản xuất thực phẩm
CAP,Công ty Cổ phần Lâm Nông sản Thực phẩm Yên Bái,HNX,Nguyên vật liệu,Tài nguyên Cơ bản,Lâm nghiệp và Giấy
CAR,Công ty cổ phần Tập đoàn Giáo dục Trí Việt,HNX,Công nghiệp,Hàng & Dịch vụ Công nghiệp,Tư vấn & Hỗ trợ Kinh doanh
CAT,Công ty Cổ phần Thủy sản Cà Mau,UPCOM,Hàng Tiêu dùng,Thực phẩm và đồ uống,Sản xuất thực phẩm
CBI,Công ty Cổ phần Gang thép Cao Bằng,UPCOM,Nguyên vật liệu,Tài nguyên Cơ bản,Kim loại
CBS,Công ty Cổ phần Mía đường Cao Bằng,UPCOM,Hàng Tiêu dùng,Thực phẩm và đồ uống,Sản xuất thực phẩm
CBV,Công ty Cổ phần CTCBIO Việt Nam,UPCOM,Dược phẩm và Y tế,Y tế,Thiết bị và Dịch vụ Y tế
CC1,Tổng Công ty Xây dựng số 1 - CTCP,UPCOM,Công nghiệp,Xây dựng và Vật liệu,Xây dựng và Vật liệu
CCA,Công ty Cổ phần Xuất nhập khẩu Thủy sản Cần Thơ,UPCOM,Hàng Tiêu dùng,Thực phẩm và đồ uống,Sản xuất thực phẩm
CCC,Công ty Cổ Phần Xây Dựng CDC,HOSE,Công nghiệp,Xây dựng và Vật liệu,Xây dựng và Vật liệu
CCD,Công ty Cổ phần Xây dựng và Bảo trì cầu đường,UPCOM,Công nghiệp,Xây dựng và Vật liệu,Xây dựng và Vật liệu
CCI,Công ty Cổ phần Đầu tư Phát triển Công nghiệp Thương mại Củ Chi,HOSE,Tiện ích Cộng đồng,"Điện, nước & xăng dầu khí đốt",Nước & Khí đốt
CCL,Công ty Cổ phần Đầu tư và Phát triển Đô thị Dầu khí Cửu Long,HOSE,Tài chính,Bất động sản,Bất động sản
CCM,Công ty Cổ phần Khoáng sản và Xi măng Cần Thơ,UPCOM,Công nghiệp,Xây dựng và Vật liệu,Xây dựng và Vật liệu
CCP,Công ty Cổ phần Cảng Cửa Cấm Hải Phòng,UPCOM,Công nghiệp,Hàng & Dịch vụ Công nghiệp,Vận tải
CCR,Công ty Cổ phần Cảng Cam Ranh,HNX,Công nghiệp,Hàng & Dịch vụ Công nghiệp,Vận tải
CCS,Công ty Cổ phần Chíp Sáng,UPCOM,Tài chính,Bất động sản,Bất động sản
CCT,Công ty Cổ phần Cảng Cần Thơ,UPCOM,Công nghiệp,Hàng & Dịch vụ Công nghiệp,Vận tải
CCV,Công ty Cổ phần Tư vấn Xây dựng Công nghiệp và Đô thị Việt Nam,UPCOM,Công nghiệp,Xây dựng và Vật liệu,Xây dựng và Vật liệu
CDC,Công ty Cổ phần Chương Dương,HOSE,Công nghiệp,Xây dựng và Vật liệu,Xây dựng và Vật liệu
CDG,Công ty Cổ phần Cầu Đuống,UPCOM,Công nghiệp,Xây dựng và Vật liệu,Xây dựng và Vật liệu
CDN,Công ty Cổ phần Cảng Đà Nẵng,HNX,Công nghiệp,Hàng & Dịch vụ Công nghiệp,Vận tải
CDO,Công ty Cổ phần Tư vấn Thiết kế và Phát triển Đô thị,UPCOM,Công nghiệp,Xây dựng và Vật liệu,Xây dựng và Vật liệu
CDP,Công ty Cổ phần Dược phẩm Trung ương Codupha,UPCOM,Dược phẩm và Y tế,Y tế,Dược phẩm
CDR,Công ty Cổ phần Xây dựng Cao su Đồng Nai,UPCOM,Công nghiệp,Xây dựng và Vật liệu,Xây dựng và Vật liệu
CEN,Công ty Cổ phần CENCON Việt Nam,UPCOM,Dịch vụ Tiêu dùng,Bán lẻ,Bán lẻ
CEO,Công ty Cổ phần Tập đoàn C.E.O,HNX,Tài chính,Bất động sản,Bất động sản
CET,Công ty Cổ phần HTC Holding,HNX,Hàng Tiêu dùng,Hàng cá nhân & Gia dụng,Hàng cá nhân
CFM,Công ty Cổ phần CFM Private Equity,UPCOM,Công nghiệp,Hàng & Dịch vụ Công nghiệp,Tư vấn & Hỗ trợ Kinh doanh
CFV,Công ty Cổ phần Cà phê Thắng Lợi,UPCOM,Hàng Tiêu dùng,Thực phẩm và đồ uống,Bia và đồ uống
CGV,Công ty Cổ phần Vinaceglass,UPCOM,Công nghiệp,Xây dựng và Vật liệu,Xây dựng và Vật liệu
CH5,Công ty Cổ phần Xây dựng số 5 Hà Nội,UPCOM,Công nghiệp,Xây dựng và Vật liệu,Xây dựng và Vật liệu
CHC,Công ty Cổ phần Cẩm Hà,UPCOM,Công nghiệp,Xây dựng và Vật liệu,Xây dựng và Vật liệu
CHP,Công ty Cổ phần Thủy điện Miền Trung,HOSE,Tiện ích Cộng đồng,"Điện, nước & xăng dầu khí đốt",Sản xuất & Phân phối Điện
CHS,Công ty Cổ phần Chiếu sáng Công cộng Thành phố Hồ Chí Minh,UPCOM,Tiện ích Cộng đồng,"Điện, nước & xăng dầu khí đốt",Nước & Khí đốt
CI5,Công ty Cổ phần Đầu tư Xây dựng số 5,UPCOM,Công nghiệp,Xây dựng và Vật liệu,Xây dựng và Vật liệu
CIA,Công ty Cổ Phần Dịch Vụ Sân Bay Quốc Tế Cam Ranh,HNX,Công nghiệp,Hàng & Dịch vụ Công nghiệp,Vận tải
CID,Công ty Cổ phần Xây dựng và Phát triển Cơ sở Hạ tầng,UPCOM,Công nghiệp,Xây dựng và Vật liệu,Xây dựng và Vật liệu
CIG,Công ty Cổ phần COMA 18,HOSE,Công nghiệp,Xây dựng và Vật liệu,Xây dựng và Vật liệu
CII,Công ty Cổ phần Đầu tư Hạ tầng Kỹ thuật Thành phố Hồ Chí Minh,HOSE,Công nghiệp,Xây dựng và Vật liệu,Xây dựng và Vật liệu
CIP,Công ty Cổ phần Xây lắp và Sản xuất Công nghiệp,UPCOM,Công nghiệp,Xây dựng và Vật liệu,Xây dựng và Vật liệu
CJC,Công ty Cổ phần Cơ điện Miền Trung,HNX,Công nghiệp,Hàng & Dịch vụ Công nghiệp,Điện tử & Thiết bị điện
CK8,Công ty Cổ phần Cơ khí 120,UPCOM,Tài chính,Bất động sản,Bất động sản
CKA,Công ty Cổ phần Cơ khí An Giang,UPCOM,Công nghiệp,Hàng & Dịch vụ Công nghiệp,Công nghiệp nặng
CKD,Công ty Cổ phần Cơ khí Đông Anh Licogi,UPCOM,Công nghiệp,Hàng & Dịch vụ Công nghiệp,Công nghiệp nặng
CKG,Công ty Cổ phần Tập đoàn CIC,HOSE,Tài chính,Bất động sản,Bất động sản
CKV,Công ty Cổ phần CokyVina,HNX,Công nghệ Thông tin,Công nghệ Thông tin,Thiết bị và Phần cứng
CLC,Công ty Cổ phần Cát Lợi,HOSE,Hàng Tiêu dùng,Hàng cá nhân & Gia dụng,Thuốc lá
CLH,Công ty Cổ phần Xi măng La Hiên VVMI,HNX,Công nghiệp,Xây dựng và Vật liệu,Xây dựng và Vật liệu
CLI,Công ty Cổ phần Tập đoàn CNCTech,UPCOM,Nguyên vật liệu,Tài nguyên Cơ bản,Kim loại
CLL,Công ty Cổ phần Cảng Cát Lái,HOSE,Công nghiệp,Hàng & Dịch vụ Công nghiệp,Vận tải
CLM,Công ty Cổ phần Xuất nhập khẩu Than - Vinacomin,HNX,Nguyên vật liệu,Tài nguyên Cơ bản,Khai khoáng
CLW,Công ty Cổ phần Cấp nước Chợ Lớn,HOSE,Tiện ích Cộng đồng,"Điện, nước & xăng dầu khí đốt",Nước & Khí đốt
CLX,Công ty Cổ phần Xuất nhập khẩu và Đầu tư Chợ Lớn (CHOLIMEX),UPCOM,Hàng Tiêu dùng,Thực phẩm và đồ uống,Sản xuất thực phẩm
CMC,Công ty Cổ phần Đầu tư CMC,HNX,Công nghiệp,Hàng & Dịch vụ Công nghiệp,Công nghiệp nặng
CMD,Công ty Cổ phần Vật liệu xây dựng và Trang trí nội thất TP. Hồ Chí Minh,UPCOM,Công nghiệp,Xây dựng và Vật liệu,Xây dựng và Vật liệu
CMF,Công ty Cổ phần Thực phẩm Cholimex,UPCOM,Hàng Tiêu dùng,Thực phẩm và đồ uống,Sản xuất thực phẩm
CMG,Công ty Cổ phần Tập đoàn Công nghệ CMC,HOSE,Công nghệ Thông tin,Công nghệ Thông tin,Phần mềm & Dịch vụ Máy tính
CMI,Công ty Cổ phần CMISTONE Việt Nam,UPCOM,Công nghiệp,Xây dựng và Vật liệu,Xây dựng và Vật liệu
CMK,Công ty Cổ phần Cơ khí Mạo Khê - Vinacomin,UPCOM,Công nghiệp,Hàng & Dịch vụ Công nghiệp,Công nghiệp nặng
CMM,Công ty Cổ phần Camimex,UPCOM,Hàng Tiêu dùng,Thực phẩm và đồ uống,Sản xuất thực phẩm
CMN,Công ty Cổ phần Lương thực Thực phẩm Colusa - Miliket,UPCOM,Hàng Tiêu dùng,Thực phẩm và đồ uống,Sản xuất thực phẩm
CMP,Công ty Cổ phần Cảng Chân Mây,UPCOM,Công nghiệp,Hàng & Dịch vụ Công nghiệp,Vận tải
CMS,Công ty Cổ phần Tập đoàn CMH Việt Nam,HNX,Công nghiệp,Xây dựng và Vật liệu,Xây dựng và Vật liệu
CMT,Công ty Cổ phần Công nghệ mạng và Truyền thông,UPCOM,Công nghệ Thông tin,Công nghệ Thông tin,Phần mềm & Dịch vụ Máy tính
CMV,Công ty Cổ phần Thương nghiệp Cà Mau,HOSE,Dịch vụ Tiêu dùng,Bán lẻ,Bán lẻ
CMW,Công ty Cổ phần Cấp nước Cà Mau,UPCOM,Tiện ích Cộng đồng,"Điện, nước & xăng dầu khí đốt",Nước & Khí đốt
CMX,Công ty Cổ phần CAMIMEX Group,HOSE,Hàng Tiêu dùng,Thực phẩm và đồ uống,Sản xuất thực phẩm
CNA,Công ty Cổ phần Tổng công ty Chè Nghệ An,UPCOM,Hàng Tiêu dùng,Thực phẩm và đồ uống,Sản xuất thực phẩm
CNC,Công ty Cổ phần Công nghệ cao Traphaco,UPCOM,Dược phẩm và Y tế,Y tế,Dược phẩm
CNG,Công ty Cổ phần CNG Việt Nam,HOSE,Tiện ích Cộng đồng,"Điện, nước & xăng dầu khí đốt",Nước & Khí đốt
CNN,"Công ty Cổ phần Tư vấn Công nghệ, Thiết bị và Kiểm định Xây dựng - CONINCO",UPCOM,Công nghiệp,Xây dựng và Vật liệu,Xây dựng và Vật liệu
CNT,Công ty Cổ phần Tập đoàn CNT,UPCOM,Tài chính,Bất động sản,Bất động sản
COM,Công ty Cổ phần Vật tư - Xăng dầu,HOSE,Dịch vụ Tiêu dùng,Bán lẻ,Bán lẻ
CPA,Công ty Cổ phần Cà phê Phước An,UPCOM,Hàng Tiêu dùng,Thực phẩm và đồ uống,Bia và đồ uống
CPC,Công ty Cổ phần Thuốc sát trùng Cần Thơ,HNX,Nguyên vật liệu,Hóa chất,Hóa chất
CPH,Công ty Cổ phần Phục vụ Mai táng Hải Phòng,UPCOM,Dịch vụ Tiêu dùng,Bán lẻ,Bán lẻ
CPI,Công ty Cổ phần Đầu tư Cảng Cái Lân,UPCOM,Công nghiệp,Hàng & Dịch vụ Công nghiệp,Vận tải
CQN,Công ty Cổ phần Cảng Quảng Ninh,UPCOM,Công nghiệp,Hàng & Dịch vụ Công nghiệp,Vận tải
CQT,Công ty Cổ phần Xi măng Quán Triều VVMI,UPCOM,Công nghiệp,Xây dựng và Vật liệu,Xây dựng và Vật liệu
CRC,Công ty Cổ phần Create Capital Việt Nam,HOSE,Công nghiệp,Xây dựng và Vật liệu,Xây dựng và Vật liệu
CRE,Công ty Cổ phần Bất động sản Thế Kỷ,HOSE,Tài chính,Bất động sản,Bất động sản
CRV,Công ty Cổ phần Tập đoàn Bất động sản CRV,HOSE,Tài chính,Bất động sản,Bất động sản
CSC,Công ty Cổ phần Tập đoàn COTANA,HNX,Công nghiệp,Xây dựng và Vật liệu,Xây dựng và Vật liệu
CSI,Công ty Cổ phần Chứng khoán Kirin,UPCOM,Tài chính,Dịch vụ tài chính,Dịch vụ tài chính
CSM,Công ty Cổ phần Công nghiệp Cao su Miền Nam,HOSE,Hàng Tiêu dùng,Ô tô và phụ tùng,Ô tô và phụ tùng
CST,Công ty Cổ phần Than Cao Sơn - TKV,HNX,Nguyên vật liệu,Tài nguyên Cơ bản,Khai khoáng
CSV,Công ty Cổ phần Hóa chất Cơ bản miền Nam,HOSE,Nguyên vật liệu,Hóa chất,Hóa chất
CT3,Công ty Cổ phần Đầu tư và Xây dựng công trình 3,UPCOM,Công nghiệp,Xây dựng và Vật liệu,Xây dựng và Vật liệu
CT6,Công ty Cổ phần Công trình 6,UPCOM,Công nghiệp,Xây dựng và Vật liệu,Xây dựng và Vật liệu
CTB,Công ty Cổ phần Chế tạo Bơm Hải Dương,HNX,Công nghiệp,Hàng & Dịch vụ Công nghiệp,Công nghiệp nặng
CTC,Công ty Cổ phần Tập đoàn Hoàng Kim Tây Nguyên,UPCOM,Dịch vụ Tiêu dùng,Du lịch và Giải trí,Du lịch & Giải trí
CTD,Công ty Cổ phần Xây dựng Coteccons,HOSE,Công nghiệp,Xây dựng và Vật liệu,Xây dựng và Vật liệu
CTF,Công ty Cổ phần City Auto,HOSE,Hàng Tiêu dùng,Ô tô và phụ tùng,Ô tô và phụ tùng
CTG,Ngân hàng Thương mại Cổ phần Công thương Việt Nam,HOSE,Ngân hàng,Ngân hàng,Ngân hàng
CTI,Công ty Cổ phần Đầu tư Phát triển Cường Thuận IDICO,HOSE,Công nghiệp,Xây dựng và Vật liệu,Xây dựng và Vật liệu
CTP,Công ty Cổ phần Tập đoàn CTP Group,HNX,Hàng Tiêu dùng,Thực phẩm và đồ uống,Bia và đồ uống
CTR,Tổng Công ty Cổ phần Công trình Viettel,HOSE,Công nghiệp,Xây dựng và Vật liệu,Xây dựng và Vật liệu
CTS,Công ty Cổ phần Chứng khoán Vietinbank,HOSE,Tài chính,Dịch vụ tài chính,Dịch vụ tài chính
CTT,Công ty Cổ phần Chế tạo máy - Vinacomin,HNX,Công nghiệp,Hàng & Dịch vụ Công nghiệp,Công nghiệp nặng
CTW,Công ty Cổ phần Cấp thoát nước Cần Thơ,UPCOM,Tiện ích Cộng đồng,"Điện, nước & xăng dầu khí đốt",Nước & Khí đốt
CTX,Tổng Công ty Cổ phần Đầu tư Xây dựng và Thương mại Việt Nam,UPCOM,Công nghiệp,Xây dựng và Vật liệu,Xây dựng và Vật liệu
CVN,Công ty Cổ phần Vinam,UPCOM,Dược phẩm và Y tế,Y tế,Thiết bị và Dịch vụ Y tế
CVT,Công ty Cổ phần CMC,HOSE,Công nghiệp,Xây dựng và Vật liệu,Xây dựng và Vật liệu
CX8,Công ty Cổ phần Đầu tư và Xây lắp Constrexim số 8,HNX,Công nghiệp,Xây dựng và Vật liệu,Xây dựng và Vật liệu
D11,Công ty Cổ phần Địa ốc 11,HNX,Tài chính,Bất động sản,Bất động sản
D2D,Công ty Cổ phần Phát triển Đô thị Công nghiệp số 2,HOSE,Tài chính,Bất động sản,Bất động sản
DAC,Công ty Cổ phần 382 Đông Anh,UPCOM,Công nghiệp,Xây dựng và Vật liệu,Xây dựng và Vật liệu
DAD,Công ty Cổ phần Đầu tư và Phát triển Giáo dục Đà Nẵng,HNX,Dịch vụ Tiêu dùng,Truyền thông,Truyền thông
DAE,Công ty Cổ phần Sách Giáo dục tại Thành phố Đà Nẵng,HNX,Dịch vụ Tiêu dùng,Truyền thông,Truyền thông
DAG,Công ty Cổ phần Tập đoàn Nhựa Đông Á,UPCOM,Nguyên vật liệu,Hóa chất,Hóa chất
DAH,Công ty Cổ phần Tập đoàn Khách sạn Đông Á,HOSE,Dịch vụ Tiêu dùng,Du lịch và Giải trí,Du lịch & Giải trí
DAS,Công ty Cổ phần Máy - Thiết bị Dầu khí Đà Nẵng,UPCOM,Hàng Tiêu dùng,Ô tô và phụ tùng,Ô tô và phụ tùng
DAT,Công ty Cổ phần Đầu tư Du lịch và Phát triển Thủy sản,HOSE,Hàng Tiêu dùng,Thực phẩm và đồ uống,Sản xuất thực phẩm
DBC,Công ty Cổ phần Tập đoàn Dabaco Việt Nam,HOSE,Hàng Tiêu dùng,Thực phẩm và đồ uống,Sản xuất thực phẩm
DBD,Công ty Cổ phần Dược - Trang thiết bị y tế Bình Định (BIDIPHAR),HOSE,Dược phẩm và Y tế,Y tế,Dược phẩm
DBM,Công ty Cổ phần Dược - Vật tư Y tế Đắk Lắk,UPCOM,Dược phẩm và Y tế,Y tế,Dược phẩm
DBT,Công ty Cổ phần Dược phẩm Bến Tre,HOSE,Dược phẩm và Y tế,Y tế,Dược phẩm
DC1,Công ty Cổ phần Đầu tư Phát triển Xây dựng số 1,UPCOM,Công nghiệp,Xây dựng và Vật liệu,Xây dựng và Vật liệu
DC2,Công ty Cổ phần Đầu tư Phát triển - Xây dựng (DIC) số 2,HNX,Công nghiệp,Xây dựng và Vật liệu,Xây dựng và Vật liệu
DC4,Công ty Cổ phần Dicera Holdings,HOSE,Công nghiệp,Xây dựng và Vật liệu,Xây dựng và Vật liệu
DCF,Công ty Cổ phần Xây dựng và Thiết kế số 1,UPCOM,Công nghiệp,Xây dựng và Vật liệu,Xây dựng và Vật liệu
DCG,Công ty Cổ phần Tổng Công ty May Đáp Cầu,UPCOM,Hàng Tiêu dùng,Hàng cá nhân & Gia dụng,Hàng cá nhân
DCH,Công ty Cổ phần Địa chính Hà Nội,UPCOM,Tài chính,Bất động sản,Bất động sản
DCL,Công ty Cổ phần Dược phẩm Cửu Long,HOSE,Dược phẩm và Y tế,Y tế,Dược phẩm
DCM,Công ty Cổ phần - Tổng Công ty Phân bón Dầu Khí Cà Mau,HOSE,Nguyên vật liệu,Hóa chất,Hóa chất
DCR,Công ty Cổ phần Gạch men COSEVCO,UPCOM,Công nghiệp,Xây dựng và Vật liệu,Xây dựng và Vật liệu
DCS,Công ty Cổ phần Tập đoàn EDX,UPCOM,Hàng Tiêu dùng,Hàng cá nhân & Gia dụng,Hàng gia dụng
DCT,Công ty Cổ phần Tấm lợp Vật liệu Xây dựng Đồng Nai,UPCOM,Công nghiệp,Xây dựng và Vật liệu,Xây dựng và Vật liệu
DCV,Công ty Cổ phần Quản Lý Quỹ đầu tư Dragon Capital Việt Nam,UPCOM,Tài chính,Dịch vụ tài chính,Dịch vụ tài chính
DDB,Công ty Cổ Phần Thương Mại Và Xây Dựng Đông Dương,UPCOM,Công nghiệp,Xây dựng và Vật liệu,Xây dựng và Vật liệu
DDG,Công ty Cổ phần Đầu tư Công nghiệp Xuất nhập khẩu Đông Dương,UPCOM,Tiện ích Cộng đồng,"Điện, nước & xăng dầu khí đốt",Nước & Khí đốt
DDH,Công ty Cổ phần Đảm bảo giao thông đường thủy Hải Phòng,UPCOM,Công nghiệp,Hàng & Dịch vụ Công nghiệp,Vận tải
DDM,Công ty Cổ phần Hàng hải Đông Đô,UPCOM,Công nghiệp,Hàng & Dịch vụ Công nghiệp,Vận tải
DDN,Công ty Cổ phần Dược - Thiết bị y tế Đà Nẵng,UPCOM,Dược phẩm và Y tế,Y tế,Dược phẩm
DDV,Công ty Cổ phần DAP - Vinachem,UPCOM,Nguyên vật liệu,Hóa chất,Hóa chất
DFC,Công ty Cổ phần Xích líp Đông Anh,UPCOM,Nguyên vật liệu,Tài nguyên Cơ bản,Kim loại
DFF,Công ty Cổ phần Tập đoàn Đua Fat,UPCOM,Công nghiệp,Xây dựng và Vật liệu,Xây dựng và Vật liệu
DGC,Công ty Cổ phần Tập đoàn Hóa chất Đức Giang,HOSE,Nguyên vật liệu,Hóa chất,Hóa chất
DGT,Công ty Cổ phần Công trình Giao thông Đồng Nai,UPCOM,Công nghiệp,Xây dựng và Vật liệu,Xây dựng và Vật liệu
DGW,Công ty Cổ phần Thế Giới Số,HOSE,Dịch vụ Tiêu dùng,Bán lẻ,Bán lẻ
DHA,Công ty Cổ phần Hóa An,HOSE,Công nghiệp,Xây dựng và Vật liệu,Xây dựng và Vật liệu
DHB,Công ty Cổ phần Phân đạm và Hóa chất Hà Bắc,UPCOM,Nguyên vật liệu,Hóa chất,Hóa chất
DHC,Công ty Cổ phần Đông Hải Bến Tre,HOSE,Nguyên vật liệu,Tài nguyên Cơ bản,Lâm nghiệp và Giấy
DHD,Công ty Cổ phần Dược Vật Tư Y Tế Hải Dương,UPCOM,Dược phẩm và Y tế,Y tế,Dược phẩm
DHG,Công ty Cổ phần Dược Hậu Giang,HOSE,Dược phẩm và Y tế,Y tế,Dược phẩm
DHM,Công ty Cổ phần Đầu tư và Thương mại DHM,HOSE,Nguyên vật liệu,Tài nguyên Cơ bản,Khai khoáng
DHN,Công ty Cổ phần Dược phẩm Hà Nội,UPCOM,Dược phẩm và Y tế,Y tế,Dược phẩm
DHP,Công ty Cổ phần Điện cơ Hải Phòng,HNX,Công nghiệp,Hàng & Dịch vụ Công nghiệp,Điện tử & Thiết bị điện
DHQ,Công ty Cổ phần Duyên hải Quảng Ninh,UPCOM,Dịch vụ Tiêu dùng,Du lịch và Giải trí,Du lịch & Giải trí
DHT,Công ty Cổ phần Dược phẩm Hà Tây,HNX,Dược phẩm và Y tế,Y tế,Dược phẩm
DIC,Công ty Cổ phần Đầu tư và Thương mại DIC,UPCOM,Công nghiệp,Xây dựng và Vật liệu,Xây dựng và Vật liệu
DID,Công ty Cổ phần DIC - Đồng Tiến,UPCOM,Công nghiệp,Xây dựng và Vật liệu,Xây dựng và Vật liệu
DIG,Tổng Công ty Cổ phần Đầu tư Phát triển Xây dựng,HOSE,Tài chính,Bất động sản,Bất động sản
DIH,Công ty Cổ phần Đầu tư Phát triển Xây dựng - Hội An,HNX,Tài chính,Bất động sản,Bất động sản
DKC,Công ty Cổ phần Chợ Lạng Sơn,UPCOM,Dịch vụ Tiêu dùng,Bán lẻ,Bán lẻ
DKG,Công ty Cổ Phần Tập đoàn DamiK,UPCOM,Công nghiệp,Xây dựng và Vật liệu,Xây dựng và Vật liệu
DL1,Công ty Cổ phần Tập đoàn Alpha Seven,HNX,Công nghiệp,Hàng & Dịch vụ Công nghiệp,Vận tải
DLD,Công ty Cổ phần Du lịch Đắk Lắk,UPCOM,Dịch vụ Tiêu dùng,Du lịch và Giải trí,Du lịch & Giải trí
DLG,Công ty Cổ phần Tập đoàn Đức Long Gia Lai,HOSE,Công nghiệp,Xây dựng và Vật liệu,Xây dựng và Vật liệu
DLR,Công ty Cổ phần Địa ốc Đà Lạt,UPCOM,Công nghiệp,Xây dựng và Vật liệu,Xây dựng và Vật liệu
DLT,Công ty Cổ phần Du lịch và Thương mại - Vinacomin,UPCOM,Dịch vụ Tiêu dùng,Du lịch và Giải trí,Du lịch & Giải trí
DM7,Công ty Cổ phần Dệt may 7,UPCOM,Hàng Tiêu dùng,Hàng cá nhân & Gia dụng,Hàng cá nhân
DMC,Công ty Cổ phần Xuất nhập khẩu Y tế DOMESCO,HOSE,Dược phẩm và Y tế,Y tế,Dược phẩm
DMH,Công ty Cổ phần Dược Minh Hải,UPCOM,Dược phẩm và Y tế,Y tế,Dược phẩm
DMN,Công ty Cổ phần Domenal,UPCOM,Hàng Tiêu dùng,Thực phẩm và đồ uống,Sản xuất thực phẩm
DMX,Công ty Cổ phần Đầu tư Điện Máy Xanh,HOSE,Dịch vụ Tiêu dùng,Bán lẻ,Bán lẻ
DNA,Công ty Cổ phần Điện nước An Giang,UPCOM,Tiện ích Cộng đồng,"Điện, nước & xăng dầu khí đốt",Nước & Khí đốt
DNC,Công ty Cổ phần Điện nước Lắp máy Hải Phòng,HNX,Tiện ích Cộng đồng,"Điện, nước & xăng dầu khí đốt",Sản xuất & Phân phối Điện
DND,Công ty Cổ phần Đầu tư Xây dựng và Vật liệu Đồng Nai,UPCOM,Công nghiệp,Xây dựng và Vật liệu,Xây dựng và Vật liệu
DNE,Công ty Cổ phần Môi trường Đô thị Đà Nẵng,UPCOM,Công nghiệp,Hàng & Dịch vụ Công nghiệp,Tư vấn & Hỗ trợ Kinh doanh
DNH,Công ty Cổ phần Thủy điện Đa Nhim - Hàm Thuận - Đa Mi,UPCOM,Tiện ích Cộng đồng,"Điện, nước & xăng dầu khí đốt",Sản xuất & Phân phối Điện
DNL,Công ty Cổ phần Logistics Cảng Đà Nẵng,UPCOM,Công nghiệp,Hàng & Dịch vụ Công nghiệp,Vận tải
DNM,Tổng Công ty Cổ phần Y tế Danameco,UPCOM,Dược phẩm và Y tế,Y tế,Thiết bị và Dịch vụ Y tế
DNN,Công ty Cổ phần Cấp nước Đà Nẵng,UPCOM,Tiện ích Cộng đồng,"Điện, nước & xăng dầu khí đốt",Nước & Khí đốt
DNP,Công ty Cổ phần DNP Holding,HNX,Công nghiệp,Xây dựng và Vật liệu,Xây dựng và Vật liệu
DNT,Công ty Cổ phần Du lịch Đồng Nai,UPCOM,Dịch vụ Tiêu dùng,Du lịch và Giải trí,Du lịch & Giải trí
DNW,Công ty Cổ phần Cấp nước Đồng Nai,UPCOM,Tiện ích Cộng đồng,"Điện, nước & xăng dầu khí đốt",Nước & Khí đốt
DO3,Công ty Cổ phần Xây dựng và Kinh doanh Địa ốc III,UPCOM,Tài chính,Bất động sản,Bất động sản
DOC,Công ty Cổ phần Vật tư nông nghiệp Đồng Nai,UPCOM,Nguyên vật liệu,Hóa chất,Hóa chất
DOP,Công ty Cổ phần Vận tải Xăng dầu Đồng Tháp,UPCOM,Công nghiệp,Hàng & Dịch vụ Công nghiệp,Vận tải
DP1,Công ty Cổ phần Dược phẩm Trung ương CPC1,UPCOM,Dược phẩm và Y tế,Y tế,Dược phẩm
DP2,Công ty Cổ phần Dược phẩm Trung ương 2,UPCOM,Dược phẩm và Y tế,Y tế,Dược phẩm
DP3,Công ty Cổ Phần Dược Phẩm Trung Ương 3,HNX,Dược phẩm và Y tế,Y tế,Dược phẩm
DPC,Công ty Cổ phần Nhựa Đà Nẵng,UPCOM,Công nghiệp,Hàng & Dịch vụ Công nghiệp,Hàng công nghiệp
DPG,Công ty Cổ phần Tập đoàn Đạt Phương,HOSE,Công nghiệp,Xây dựng và Vật liệu,Xây dựng và Vật liệu
DPH,Công ty Cổ phần Dược phẩm Hải Phòng,UPCOM,Dược phẩm và Y tế,Y tế,Dược phẩm
DPM,Tổng Công ty Phân bón và Hóa chất Dầu khí - Công ty Cổ phần,HOSE,Nguyên vật liệu,Hóa chất,Hóa chất
DPP,Công ty Cổ phần Dược Đồng Nai,UPCOM,Dược phẩm và Y tế,Y tế,Dược phẩm
DPR,Công ty Cổ phần Cao su Đồng Phú,HOSE,Nguyên vật liệu,Hóa chất,Hóa chất
DQC,Công ty Cổ phần Tập đoàn Điện Quang,HOSE,Hàng Tiêu dùng,Hàng cá nhân & Gia dụng,Hàng gia dụng
DRC,Công ty Cổ phần Cao su Đà Nẵng,HOSE,Hàng Tiêu dùng,Ô tô và phụ tùng,Ô tô và phụ tùng
DRG,Công ty Cổ phần Cao su Đắk Lắk,UPCOM,Nguyên vật liệu,Hóa chất,Hóa chất
DRH,Công ty Cổ phần DRH Holdings,HOSE,Tài chính,Bất động sản,Bất động sản
DRI,Công ty Cổ phần Đầu tư Cao su Đắk Lắk,UPCOM,Nguyên vật liệu,Hóa chất,Hóa chất
DRL,Công ty Cổ phần Thủy điện - Điện lực 3,HOSE,Tiện ích Cộng đồng,"Điện, nước & xăng dầu khí đốt",Sản xuất & Phân phối Điện
DS3,Công ty Cổ phần DS3,HNX,Công nghiệp,Hàng & Dịch vụ Công nghiệp,Vận tải
DSC,Công ty Cổ phần Chứng khoán DSC,HOSE,Tài chính,Dịch vụ tài chính,Dịch vụ tài chính
DSD,Công ty cổ phần DHC Suối Đôi,UPCOM,Dịch vụ Tiêu dùng,Du lịch và Giải trí,Du lịch & Giải trí
DSE,Công ty Cổ phần Chứng khoán DNSE,HOSE,Tài chính,Dịch vụ tài chính,Dịch vụ tài chính
DSG,Công ty Cổ phần Kính Đáp Cầu,UPCOM,Công nghiệp,Xây dựng và Vật liệu,Xây dựng và Vật liệu
DSH,Công ty Cổ phần Đông Sơn Holdings,UPCOM,Công nghiệp,Xây dựng và Vật liệu,Xây dựng và Vật liệu
DSN,Công ty Cổ phần Công viên nước Đầm Sen,HOSE,Dịch vụ Tiêu dùng,Du lịch và Giải trí,Du lịch & Giải trí
DSP,Công ty Cổ phần Dịch vụ Du lịch Phú Thọ,UPCOM,Dịch vụ Tiêu dùng,Du lịch và Giải trí,Du lịch & Giải trí
DST,Công ty Cổ phần Đầu tư Sao Thăng Long,HNX,Dịch vụ Tiêu dùng,Truyền thông,Truyền thông
DTA,Công ty Cổ phần Đệ Tam,HOSE,Tài chính,Bất động sản,Bất động sản
DTC,Công ty Cổ phần Viglacera Đông Triều,UPCOM,Công nghiệp,Xây dựng và Vật liệu,Xây dựng và Vật liệu
DTD,Công ty Cổ phần Đầu tư Phát triển Thành Đạt,HNX,Tài chính,Bất động sản,Bất động sản
DTG,Công ty Cổ phần Dược phẩm Tipharco,HNX,Dược phẩm và Y tế,Y tế,Dược phẩm
DTH,Công ty Cổ phần Dược - Vật tư Y tế Thanh Hóa,UPCOM,Dược phẩm và Y tế,Y tế,Thiết bị và Dịch vụ Y tế
DTI,Công ty Cổ phần Đầu tư Đức Trung,UPCOM,Dịch vụ Tiêu dùng,Du lịch và Giải trí,Du lịch & Giải trí
DTK,Tổng Công ty Điện lực TKV - Công ty Cổ phần,HNX,Tiện ích Cộng đồng,"Điện, nước & xăng dầu khí đốt",Sản xuất & Phân phối Điện
DTL,Công ty Cổ phần Đại Thiên Lộc,HOSE,Nguyên vật liệu,Tài nguyên Cơ bản,Kim loại
DTP,Công ty Cổ phần Dược phẩm CPC1 Hà Nội,UPCOM,Dược phẩm và Y tế,Y tế,Dược phẩm
DTR,Công ty Cổ Phần Đông Tây Land,UPCOM,Tài chính,Bất động sản,Bất động sản
DTT,Công ty Cổ phần Kỹ nghệ Đô Thành,HOSE,Nguyên vật liệu,Hóa chất,Hóa chất
DUS,Công ty Cổ phần Dịch vụ Đô thị Đà Lạt,UPCOM,Công nghiệp,Hàng & Dịch vụ Công nghiệp,Tư vấn & Hỗ trợ Kinh doanh
DVC,Công ty Cổ phần Thương mại dịch vụ Tổng Hợp Cảng Hải Phòng,UPCOM,Tiện ích Cộng đồng,"Điện, nước & xăng dầu khí đốt",Nước & Khí đốt
DVG,Công ty Cổ phần Đại Việt Group DVG,UPCOM,Công nghiệp,Xây dựng và Vật liệu,Xây dựng và Vật liệu
DVM,Công ty Cổ phần Dược liệu Việt Nam,HNX,Dược phẩm và Y tế,Y tế,Dược phẩm
DVN,Tổng Công ty Dược Việt Nam - CTCP,UPCOM,Dược phẩm và Y tế,Y tế,Dược phẩm
DVP,Công ty Cổ phần Đầu tư và Phát triển Cảng Đình Vũ,HOSE,Công nghiệp,Hàng & Dịch vụ Công nghiệp,Vận tải
DVW,Công ty Cổ phần Dịch vụ và Xây dựng cấp nước Đồng Nai,UPCOM,Công nghiệp,Xây dựng và Vật liệu,Xây dựng và Vật liệu
DWC,Công ty Cổ phần Cấp nước Đắk Lắk,UPCOM,Tiện ích Cộng đồng,"Điện, nước & xăng dầu khí đốt",Nước & Khí đốt
DWS,Công ty Cổ phần Cấp nước và Môi trường Đô thị Đồng Tháp,UPCOM,Tiện ích Cộng đồng,"Điện, nước & xăng dầu khí đốt",Nước & Khí đốt
DXG,Công ty Cổ phần Bluemarq Group,HOSE,Tài chính,Bất động sản,Bất động sản
DXL,Công ty Cổ phần Du lịch và Xuất nhập khẩu Lạng Sơn,UPCOM,Dịch vụ Tiêu dùng,Du lịch và Giải trí,Du lịch & Giải trí
DXP,Công ty Cổ phần Cảng Đoạn Xá,HNX,Công nghiệp,Hàng & Dịch vụ Công nghiệp,Vận tải
DXS,Công ty Cổ phần Dịch vụ Bất động sản Đất Xanh,HOSE,Tài chính,Bất động sản,Bất động sản
DXV,Công ty Cổ phần VICEM Vật liệu Xây dựng Đà Nẵng,HOSE,Công nghiệp,Xây dựng và Vật liệu,Xây dựng và Vật liệu
E12,Công ty Cổ phần Xây Dựng Điện VNECO 12,UPCOM,Công nghiệp,Xây dựng và Vật liệu,Xây dựng và Vật liệu
E29,Công ty cổ phần Đầu tư Xây dựng và Kỹ thuật 29,UPCOM,Công nghiệp,Xây dựng và Vật liệu,Xây dựng và Vật liệu
EBS,Công ty Cổ phần Sách Giáo dục tại Thành phố Hà Nội,HNX,Dịch vụ Tiêu dùng,Truyền thông,Truyền thông
ECI,Công ty Cổ phần Tập đoàn ECI,HNX,Dịch vụ Tiêu dùng,Truyền thông,Truyền thông
ECO,Công ty Cổ Phần Nhựa Sinh Thái Việt Nam,UPCOM,Nguyên vật liệu,Hóa chất,Hóa chất
EFI,Công ty Cổ phần Đầu tư Tài chính Giáo dục,UPCOM,Tài chính,Bất động sản,Bất động sản
EGL,Công ty Cổ phần Môi Trường Đô Thị Gia Lâm,UPCOM,Công nghiệp,Hàng & Dịch vụ Công nghiệp,Tư vấn & Hỗ trợ Kinh doanh
EIB,Ngân hàng Thương mại Cổ phần Xuất nhập khẩu Việt Nam,HOSE,Ngân hàng,Ngân hàng,Ngân hàng
EIC,Công ty Cổ phần EVN Quốc Tế,UPCOM,Công nghiệp,Xây dựng và Vật liệu,Xây dựng và Vật liệu
EID,Công ty Cổ phần Đầu tư và Phát triển Giáo dục Hà Nội,HNX,Dịch vụ Tiêu dùng,Truyền thông,Truyền thông
EIN,Công ty Cổ phần Đầu tư - Thương Mại - Dịch vụ Điện lực,UPCOM,Dịch vụ Tiêu dùng,Du lịch và Giải trí,Du lịch & Giải trí
ELC,Công ty Cổ phần Công nghệ - Viễn thông ELCOM,HOSE,Công nghệ Thông tin,Công nghệ Thông tin,Thiết bị và Phần cứng
EME,Công ty Cổ phần Điện Cơ,UPCOM,Công nghiệp,Hàng & Dịch vụ Công nghiệp,Điện tử & Thiết bị điện
EMG,Công ty Cổ phần Thiết bị Phụ tùng Cơ điện,UPCOM,Công nghiệp,Hàng & Dịch vụ Công nghiệp,Điện tử & Thiết bị điện
EMS,Tổng Công ty Chuyển phát nhanh Bưu điện - Công ty Cổ phần,UPCOM,Công nghiệp,Hàng & Dịch vụ Công nghiệp,Vận tải
ESL,Công ty Cổ phần Tiếp vận Đông Sài Gòn,UPCOM,Công nghiệp,Hàng & Dịch vụ Công nghiệp,Vận tải
EVE,Công ty Cổ phần Everpia,HOSE,Hàng Tiêu dùng,Hàng cá nhân & Gia dụng,Hàng cá nhân
EVF,Công ty Tài chính Tổng hợp Cổ phần Điện Lực,HOSE,Tài chính,Dịch vụ tài chính,Dịch vụ tài chính
EVG,Công ty Cổ phần Tập đoàn Everland,HOSE,Công nghiệp,Xây dựng và Vật liệu,Xây dựng và Vật liệu
EVS,Công ty Cổ phần Chứng khoán EVS,HNX,Tài chính,Dịch vụ tài chính,Dịch vụ tài chính
F88,Công ty Cổ phần Đầu tư F88,UPCOM,Tài chính,Dịch vụ tài chính,Dịch vụ tài chính
FBC,Công ty Cổ phần Cơ khí Phổ Yên,UPCOM,Công nghiệp,Hàng & Dịch vụ Công nghiệp,Công nghiệp nặng
FCC,Công ty Cổ phần Liên hợp Thực phẩm,UPCOM,Tài chính,Bất động sản,Bất động sản
FCM,Công ty Cổ phần Bê tông Phan Vũ Hà Nam,HOSE,Công nghiệp,Xây dựng và Vật liệu,Xây dựng và Vật liệu
FCN,Công ty Cổ phần Tập đoàn FECON,HOSE,Công nghiệp,Xây dựng và Vật liệu,Xây dựng và Vật liệu
FCS,Công ty Cổ phần Lương thực Thành phố Hồ Chí Minh,UPCOM,Hàng Tiêu dùng,Thực phẩm và đồ uống,Sản xuất thực phẩm
FDC,Công ty Cổ phần Ngoại thương và Phát triển Đầu tư Thành phố Hồ Chí Minh,HOSE,Tài chính,Bất động sản,Bất động sản
FGL,Công ty Cổ phần Cà phê Gia Lai,UPCOM,Hàng Tiêu dùng,Thực phẩm và đồ uống,Bia và đồ uống
FHH,Công ty Cổ phần Đầu tư Kinh doanh Phát triển Bất động sản FLCHomes,UPCOM,Tài chính,Bất động sản,Bất động sản
FHN,Công ty Cổ phần Xuất nhập khẩu Lương thực - Thực phẩm Hà Nội,UPCOM,Dịch vụ Tiêu dùng,Bán lẻ,Phân phối thực phẩm & dược phẩm
FHS,Công ty Cổ phần Phát hành sách Thành phố Hồ Chí Minh - FAHASA,UPCOM,Dịch vụ Tiêu dùng,Truyền thông,Truyền thông
FIC,Tổng Công ty Vật liệu Xây dựng số 1 - Công ty Cổ phần,UPCOM,Công nghiệp,Xây dựng và Vật liệu,Xây dựng và Vật liệu
FID,Công ty Cổ phần Đầu tư và Phát triển Doanh nghiệp Việt Nam,HNX,Công nghiệp,Xây dựng và Vật liệu,Xây dựng và Vật liệu
FIR,Công ty Cổ phần Địa ốc First Real,HOSE,Tài chính,Bất động sản,Bất động sản
FIT,Công ty Cổ phần Tập đoàn F.I.T,HOSE,Dược phẩm và Y tế,Y tế,Dược phẩm
FMC,Công ty Cổ phần Thực phẩm Sao Ta,HOSE,Hàng Tiêu dùng,Thực phẩm và đồ uống,Sản xuất thực phẩm
FOC,Công ty Cổ phần Dịch vụ Trực tuyến FPT,UPCOM,Dịch vụ Tiêu dùng,Truyền thông,Truyền thông
FOX,Công ty Cổ phần Viễn thông FPT,UPCOM,Viễn thông,Viễn thông,Viễn thông cố định
FPT,Công ty Cổ phần FPT,HOSE,Công nghệ Thông tin,Công nghệ Thông tin,Phần mềm & Dịch vụ Máy tính
FRC,Công ty Cổ phần Lâm đặc sản xuất khẩu Quảng Nam,UPCOM,Nguyên vật liệu,Tài nguyên Cơ bản,Lâm nghiệp và Giấy
FRM,Công ty Cổ phần Lâm nghiệp Sài Gòn,UPCOM,Nguyên vật liệu,Tài nguyên Cơ bản,Lâm nghiệp và Giấy
FRT,Công ty Cổ phần Bán lẻ Kỹ thuật số FPT,HOSE,Dịch vụ Tiêu dùng,Bán lẻ,Bán lẻ
FSO,Công ty Cổ phần Cơ khí Đóng tàu - Thủy sản Việt Nam,UPCOM,Công nghiệp,Hàng & Dịch vụ Công nghiệp,Công nghiệp nặng
FT1,Công ty Cổ phần Phụ tùng máy số 1,UPCOM,Công nghiệp,Hàng & Dịch vụ Công nghiệp,Công nghiệp nặng
FTI,Công ty Cổ phần Công nghiệp - Thương mại Hữu Nghị,UPCOM,Hàng Tiêu dùng,Ô tô và phụ tùng,Ô tô và phụ tùng
FTM,Công ty Cổ phần Đầu tư và Phát triển Đức Quân,UPCOM,Hàng Tiêu dùng,Hàng cá nhân & Gia dụng,Hàng cá nhân
FTS,Công ty Cổ phần Chứng khoán FPT,HOSE,Tài chính,Dịch vụ tài chính,Dịch vụ tài chính
FVN,Công ty Cổ phần Thiết kế và Công nghệ Việt Nam,UPCOM,Công nghiệp,Xây dựng và Vật liệu,Xây dựng và Vật liệu
G20,Công ty Cổ phần Đầu tư Dệt may Vĩnh Phúc,UPCOM,Hàng Tiêu dùng,Hàng cá nhân & Gia dụng,Hàng cá nhân
G30,Công ty Cổ phần Gạch ngói 30-4,UPCOM,Công nghiệp,Xây dựng và Vật liệu,Xây dựng và Vật liệu
G36,Tổng Công ty 36 - Công ty Cổ phần,UPCOM,Công nghiệp,Xây dựng và Vật liệu,Xây dựng và Vật liệu
GAS,Tổng Công ty Khí Việt Nam - Công ty Cổ phần,HOSE,Tiện ích Cộng đồng,"Điện, nước & xăng dầu khí đốt",Nước & Khí đốt
GCB,Công ty Cổ phần PETEC Bình Định,UPCOM,Tiện ích Cộng đồng,"Điện, nước & xăng dầu khí đốt",Nước & Khí đốt
GCF,Công ty Cổ phần Thực phẩm G.C,UPCOM,Hàng Tiêu dùng,Thực phẩm và đồ uống,Sản xuất thực phẩm
GDA,Công ty Cổ phần Tôn Đông Á,UPCOM,Nguyên vật liệu,Tài nguyên Cơ bản,Kim loại
GDH,Công ty Cổ phần Tập đoàn GDC,UPCOM,Công nghiệp,Xây dựng và Vật liệu,Xây dựng và Vật liệu
GDT,Công ty Cổ phần Chế biến Gỗ Đức Thành,HOSE,Hàng Tiêu dùng,Hàng cá nhân & Gia dụng,Hàng gia dụng
GDW,Công ty Cổ phần Cấp nước Gia Định,HNX,Tiện ích Cộng đồng,"Điện, nước & xăng dầu khí đốt",Nước & Khí đốt
GE2,Tổng Công ty Phát điện 2 - Công ty Cổ phần,UPCOM,Tiện ích Cộng đồng,"Điện, nước & xăng dầu khí đốt",Sản xuất & Phân phối Điện
GEE,Công ty Cổ phần Điện lực Gelex,HOSE,Công nghiệp,Hàng & Dịch vụ Công nghiệp,Điện tử & Thiết bị điện
GEG,Công ty Cổ phần Điện Gia Lai,HOSE,Tiện ích Cộng đồng,"Điện, nước & xăng dầu khí đốt",Sản xuất & Phân phối Điện
GEL,Công ty Cổ phần Hạ tầng GELEX,HOSE,Công nghiệp,Xây dựng và Vật liệu,Xây dựng và Vật liệu
GER,Công ty Cổ phần Thể thao Ngôi sao Geru,UPCOM,Nguyên vật liệu,Hóa chất,Hóa chất
GEX,Công ty Cổ phần Tập đoàn Gelex,HOSE,Công nghiệp,Hàng & Dịch vụ Công nghiệp,Điện tử & Thiết bị điện
GGG,Công ty Cổ phần Ô tô Giải Phóng,UPCOM,Hàng Tiêu dùng,Ô tô và phụ tùng,Ô tô và phụ tùng
GH3,Công ty Cổ phần Công trình giao thông Hà Nội,UPCOM,Công nghiệp,Xây dựng và Vật liệu,Xây dựng và Vật liệu
GHC,Công ty Cổ phần Thủy điện Gia Lai,HOSE,Tiện ích Cộng đồng,"Điện, nước & xăng dầu khí đốt",Sản xuất & Phân phối Điện
GIC,Công ty Cổ phần VSC Green Logistics,HNX,Công nghiệp,Hàng & Dịch vụ Công nghiệp,Vận tải
GIL,Công ty Cổ phần Sản xuất Kinh doanh Xuất nhập khẩu Bình Thạnh,HOSE,Hàng Tiêu dùng,Hàng cá nhân & Gia dụng,Hàng cá nhân
GKM,Công ty Cổ phần GKM Holdings,HNX,Công nghiệp,Xây dựng và Vật liệu,Xây dựng và Vật liệu
GLC,Công ty Cổ phần Vàng Lào Cai,UPCOM,Nguyên vật liệu,Tài nguyên Cơ bản,Khai khoáng
GLT,Công ty Cổ phần Kỹ thuật điện Toàn Cầu,HNX,Hàng Tiêu dùng,Hàng cá nhân & Gia dụng,Hàng hóa giải trí
GLW,Công ty Cổ phần Cấp thoát nước Gia Lai,UPCOM,Tiện ích Cộng đồng,"Điện, nước & xăng dầu khí đốt",Nước & Khí đốt
GMA,Công ty Cổ phần G-Automobile,HNX,Hàng Tiêu dùng,Ô tô và phụ tùng,Ô tô và phụ tùng
GMC,Công ty Cổ phần Garmex Sài Gòn,UPCOM,Hàng Tiêu dùng,Hàng cá nhân & Gia dụng,Hàng cá nhân
GMD,Công ty Cổ phần Tập đoàn Gemadept,HOSE,Công nghiệp,Hàng & Dịch vụ Công nghiệp,Vận tải
GMH,Công ty Cổ phần Minh Hưng Quảng Trị,HOSE,Công nghiệp,Xây dựng và Vật liệu,Xây dựng và Vật liệu
GMX,Công ty Cổ phần Gạch ngói Gốm xây dựng Mỹ Xuân,HNX,Công nghiệp,Xây dựng và Vật liệu,Xây dựng và Vật liệu
GND,Công ty Cổ phần Gạch ngói Đồng Nai,UPCOM,Công nghiệp,Xây dựng và Vật liệu,Xây dựng và Vật liệu
GPC,Công ty Cổ phần Tập đoàn Green+,UPCOM,Dược phẩm và Y tế,Y tế,Dược phẩm
GSM,Công ty Cổ phần Thủy điện Hương Sơn,UPCOM,Tiện ích Cộng đồng,"Điện, nước & xăng dầu khí đốt",Sản xuất & Phân phối Điện
GSP,Công ty Cổ phần Vận tải Sản phẩm Khí Quốc tế,HOSE,Công nghiệp,Hàng & Dịch vụ Công nghiệp,Vận tải
GTA,Công ty Cổ phần Chế biến Gỗ Thuận An,HOSE,Nguyên vật liệu,Tài nguyên Cơ bản,Lâm nghiệp và Giấy
GTD,Công ty Cổ phần Giầy Thượng Đình,UPCOM,Hàng Tiêu dùng,Hàng cá nhân & Gia dụng,Hàng cá nhân
GTS,Công ty Cổ phần Công trình Giao thông Sài Gòn,UPCOM,Công nghiệp,Xây dựng và Vật liệu,Xây dựng và Vật liệu
GTT,Công ty Cổ phần Thuận Thảo,UPCOM,Dịch vụ Tiêu dùng,Du lịch và Giải trí,Du lịch & Giải trí
GTX,Công ty Cổ phần Global Tanker,UPCOM,Công nghiệp,Hàng & Dịch vụ Công nghiệp,Vận tải
GVR,Tập đoàn Công nghiệp Cao su Việt Nam - Công ty Cổ phần,HOSE,Nguyên vật liệu,Hóa chất,Hóa chất
GVT,Công ty Cổ phần Giấy Việt Trì,UPCOM,Nguyên vật liệu,Tài nguyên Cơ bản,Lâm nghiệp và Giấy
H11,Công ty Cổ phần Xây dựng HUD101,UPCOM,Công nghiệp,Xây dựng và Vật liệu,Xây dựng và Vật liệu
HAC,Công ty Cổ phần Chứng khoán Hải Phòng,UPCOM,Tài chính,Dịch vụ tài chính,Dịch vụ tài chính
HAD,Công ty Cổ phần Bia Hà Nội - Hải Dương,HNX,Hàng Tiêu dùng,Thực phẩm và đồ uống,Bia và đồ uống
HAF,Công ty Cổ phần Thực phẩm Hà Nội,UPCOM,Hàng Tiêu dùng,Thực phẩm và đồ uống,Sản xuất thực phẩm
HAG,Công ty Cổ phần Hoàng Anh Gia Lai,HOSE,Hàng Tiêu dùng,Thực phẩm và đồ uống,Sản xuất thực phẩm
HAH,Công ty Cổ phần Vận tải và Xếp dỡ Hải An,HOSE,Công nghiệp,Hàng & Dịch vụ Công nghiệp,Vận tải
HAM,Công ty Cổ phần Vật tư Hậu Giang,UPCOM,Công nghiệp,Xây dựng và Vật liệu,Xây dựng và Vật liệu
HAN,Tổng Công ty Xây dựng Hà Nội - CTCP,UPCOM,Công nghiệp,Xây dựng và Vật liệu,Xây dựng và Vật liệu
HAP,Công ty Cổ phần Tập Đoàn Hapaco,HOSE,Nguyên vật liệu,Tài nguyên Cơ bản,Lâm nghiệp và Giấy
HAR,Công ty Cổ phần Đầu tư Thương mại Bất động sản An Dương Thảo Điền,HOSE,Tài chính,Bất động sản,Bất động sản
HAS,Công ty Cổ phần Hacisco,HOSE,Công nghiệp,Xây dựng và Vật liệu,Xây dựng và Vật liệu
HAT,Công ty Cổ phần Thương mại Bia Hà Nội,HNX,Hàng Tiêu dùng,Thực phẩm và đồ uống,Bia và đồ uống
HAV,Công ty Cổ phần Rượu Hapro,UPCOM,Hàng Tiêu dùng,Thực phẩm và đồ uống,Bia và đồ uống
HAX,Công ty Cổ phần Dịch vụ Ô tô Hàng Xanh,HOSE,Hàng Tiêu dùng,Ô tô và phụ tùng,Ô tô và phụ tùng
HBC,Công ty Cổ phần Tập đoàn Xây dựng Hòa Bình,UPCOM,Công nghiệp,Xây dựng và Vật liệu,Xây dựng và Vật liệu
HBD,Công ty Cổ phần Bao bì PP Bình Dương,UPCOM,Công nghiệp,Hàng & Dịch vụ Công nghiệp,Hàng công nghiệp
HBH,Công ty Cổ phần HABECO - Hải Phòng,UPCOM,Hàng Tiêu dùng,Thực phẩm và đồ uống,Bia và đồ uống
HBS,Công ty Cổ phần Chứng khoán Hòa Bình,HNX,Tài chính,Dịch vụ tài chính,Dịch vụ tài chính
HC1,Công ty Cổ phần Xây dựng số 1 Hà Nội,UPCOM,Công nghiệp,Xây dựng và Vật liệu,Xây dựng và Vật liệu
HC3,Công ty Cổ phần Xây dựng số 3 Hải Phòng,UPCOM,Công nghiệp,Xây dựng và Vật liệu,Xây dựng và Vật liệu
HCC,Công ty Cổ phần Bê tông Hòa Cầm - Intimex,HNX,Công nghiệp,Xây dựng và Vật liệu,Xây dựng và Vật liệu
HCD,Công ty Cổ phần Đầu tư Sản xuất và Thương mại HCD,HOSE,Nguyên vật liệu,Hóa chất,Hóa chất
HCI,Công ty Cổ phần Đầu tư - Xây dựng Hà Nội,UPCOM,Công nghiệp,Xây dựng và Vật liệu,Xây dựng và Vật liệu
HCM,Công ty Cổ phần Chứng khoán Thành phố Hồ Chí Minh,HOSE,Tài chính,Dịch vụ tài chính,Dịch vụ tài chính
HCO,Công ty Cổ phần Bánh kẹo Hải Châu,UPCOM,Hàng Tiêu dùng,Thực phẩm và đồ uống,Sản xuất thực phẩm
HCT,Công ty Cổ phần Thương mại - Dịch vụ - Vận tải Xi măng Hải Phòng,HNX,Công nghiệp,Hàng & Dịch vụ Công nghiệp,Vận tải
HD2,Công ty Cổ phần Đầu tư phát triển nhà HUD2,UPCOM,Tài chính,Bất động sản,Bất động sản
HD6,Công ty Cổ phần Đầu tư và Phát triển nhà số 6 Hà Nội,UPCOM,Tài chính,Bất động sản,Bất động sản
HD8,Công ty Cổ phần Đầu tư Phát triển Nhà và Đô thị HUD8,UPCOM,Tài chính,Bất động sản,Bất động sản
HDA,Công ty Cổ phần Hãng sơn Đông Á,HNX,Công nghiệp,Xây dựng và Vật liệu,Xây dựng và Vật liệu
HDB,Ngân hàng Thương mại Cổ phần Phát Triển Thành phố Hồ Chí Minh,HOSE,Ngân hàng,Ngân hàng,Ngân hàng
HDC,Công ty Cổ phần Phát triển Nhà Bà Rịa Vũng Tàu,HOSE,Tài chính,Bất động sản,Bất động sản
HDG,Công ty Cổ phần Tập đoàn Hà Đô,HOSE,Tiện ích Cộng đồng,"Điện, nước & xăng dầu khí đốt",Sản xuất & Phân phối Điện
HDM,Công ty Cổ phần Dệt May Huế,UPCOM,Hàng Tiêu dùng,Hàng cá nhân & Gia dụng,Hàng cá nhân
HDP,Công ty Cổ phần Dược Hà Tĩnh,UPCOM,Dược phẩm và Y tế,Y tế,Dược phẩm
HDW,Công ty Cổ phần Kinh doanh Nước sạch Hải Dương,UPCOM,Tiện ích Cộng đồng,"Điện, nước & xăng dầu khí đốt",Nước & Khí đốt
HEC,Công ty Cổ phần Tư vấn xây dựng Thủy Lợi II,UPCOM,Công nghiệp,Hàng & Dịch vụ Công nghiệp,Tư vấn & Hỗ trợ Kinh doanh
HEJ,Tổng Công ty Tư vấn Xây dựng Thủy Lợi Việt Nam - CTCP,UPCOM,Công nghiệp,Xây dựng và Vật liệu,Xây dựng và Vật liệu
HEP,Công ty Cổ phần Môi trường và Công trình đô thị Huế,UPCOM,Công nghiệp,Hàng & Dịch vụ Công nghiệp,Tư vấn & Hỗ trợ Kinh doanh
HES,Công ty Cổ phần Dịch vụ Giải trí Hà Nội,UPCOM,Dịch vụ Tiêu dùng,Du lịch và Giải trí,Du lịch & Giải trí
HEV,Công ty Cổ phần Sách Đại học - Dạy nghề,HNX,Dịch vụ Tiêu dùng,Truyền thông,Truyền thông
HFB,Công ty Cổ phần Công trình Cầu phà Thành phố Hồ Chí Minh,UPCOM,Công nghiệp,Xây dựng và Vật liệu,Xây dựng và Vật liệu
HFC,Công ty Cổ phần Xăng dầu HFC,UPCOM,Tiện ích Cộng đồng,"Điện, nước & xăng dầu khí đốt",Nước & Khí đốt
HFX,Công ty Cổ phần Sản xuất - Xuất nhập khẩu Thanh Hà,UPCOM,Dịch vụ Tiêu dùng,Bán lẻ,Bán lẻ
HGM,Công ty Cổ phần Cơ khí và Khoáng sản Hà Giang,HNX,Nguyên vật liệu,Tài nguyên Cơ bản,Khai khoáng
HGT,Công ty Cổ phần Du lịch Hương Giang,UPCOM,Dịch vụ Tiêu dùng,Du lịch và Giải trí,Du lịch & Giải trí
HHB,Công ty Cổ Phần Bia Hà Nội - Hồng Hà,UPCOM,Hàng Tiêu dùng,Thực phẩm và đồ uống,Bia và đồ uống
HHC,Công ty Cổ phần Bánh kẹo Hải Hà,HNX,Hàng Tiêu dùng,Thực phẩm và đồ uống,Sản xuất thực phẩm
HHG,Công ty Cổ phần Hoàng Hà,UPCOM,Dịch vụ Tiêu dùng,Du lịch và Giải trí,Du lịch & Giải trí
HHI,Công ty Cổ phần Hoàng Hạc,UPCOM,Dịch vụ Tiêu dùng,Truyền thông,Truyền thông
HHN,Công ty Cổ phần Vận tải và Dịch vụ Hàng hóa Hà Nội,UPCOM,Công nghiệp,Hàng & Dịch vụ Công nghiệp,Vận tải
HHP,Công ty Cổ phần HHP Global,HOSE,Nguyên vật liệu,Tài nguyên Cơ bản,Lâm nghiệp và Giấy
HHS,Công ty Cổ phần Đầu tư Dịch vụ Hoàng Huy,HOSE,Hàng Tiêu dùng,Ô tô và phụ tùng,Ô tô và phụ tùng
HHV,Công ty Cổ phần Đầu tư Hạ tầng Giao thông Đèo Cả,HOSE,Công nghiệp,Xây dựng và Vật liệu,Xây dựng và Vật liệu
HID,Công ty Cổ phần Halcom Vietnam,HOSE,Công nghiệp,Xây dựng và Vật liệu,Xây dựng và Vật liệu
HII,Công ty Cổ phần An Tiến Industries,HOSE,Nguyên vật liệu,Hóa chất,Hóa chất
HIO,Công ty Cổ Phần Helio Energy,UPCOM,Tiện ích Cộng đồng,"Điện, nước & xăng dầu khí đốt",Sản xuất & Phân phối Điện
HJC,Công ty Cổ phần Hoà Việt,UPCOM,Hàng Tiêu dùng,Hàng cá nhân & Gia dụng,Thuốc lá
HJS,Công ty Cổ phần Thủy điện Nậm Mu,HNX,Tiện ích Cộng đồng,"Điện, nước & xăng dầu khí đốt",Sản xuất & Phân phối Điện
HKB,Công ty Cổ phần Nông nghiệp và Thực phẩm Hà Nội - Kinh Bắc,UPCOM,Hàng Tiêu dùng,Thực phẩm và đồ uống,Sản xuất thực phẩm
HKT,Công ty Cổ phần QP Holdings,HNX,Hàng Tiêu dùng,Thực phẩm và đồ uống,Bia và đồ uống
HLA,Công ty Cổ phần Hữu Liên Á Châu,UPCOM,Nguyên vật liệu,Tài nguyên Cơ bản,Kim loại
HLB,Công ty Cổ phần Bia và Nước giải khát Hạ Long,UPCOM,Hàng Tiêu dùng,Thực phẩm và đồ uống,Bia và đồ uống
HLC,Công ty Cổ phần Than Hà Lầm - Vinacomin,HNX,Nguyên vật liệu,Tài nguyên Cơ bản,Khai khoáng
HLD,Công ty Cổ phần Đầu tư và Phát triển Bất động sản HUDLAND,HNX,Tài chính,Bất động sản,Bất động sản
HLO,Công Ty Cổ Phần Công Nghệ Ha Lô,UPCOM,Công nghiệp,Hàng & Dịch vụ Công nghiệp,Điện tử & Thiết bị điện
HLS,Công ty Cổ phần Sứ kỹ thuật Hoàng Liên Sơn,UPCOM,Công nghiệp,Hàng & Dịch vụ Công nghiệp,Điện tử & Thiết bị điện
HLT,Công ty Cổ phần Dệt may Hoàng Thị Loan,UPCOM,Hàng Tiêu dùng,Hàng cá nhân & Gia dụng,Hàng cá nhân
HLY,Công ty Cổ phần Gốm xây dựng Yên Hưng,UPCOM,Công nghiệp,Xây dựng và Vật liệu,Xây dựng và Vật liệu
HMC,Công ty Cổ phần Kim khí Thành phố Hồ Chí Minh - VNSTEEL,HOSE,Nguyên vật liệu,Tài nguyên Cơ bản,Kim loại
HMD,Công ty Cổ phần Hóa chất Minh Đức,UPCOM,Nguyên vật liệu,Hóa chất,Hóa chất
HMG,Công ty Cổ phần Kim Khí Hà Nội - VNSTEEL,UPCOM,Nguyên vật liệu,Tài nguyên Cơ bản,Kim loại
HMH,Công ty Cổ phần Hải Minh,HNX,Công nghiệp,Hàng & Dịch vụ Công nghiệp,Vận tải
HMR,Công ty Cổ phần Đá Hoàng Mai,HNX,Công nghiệp,Xây dựng và Vật liệu,Xây dựng và Vật liệu
HMS,Công ty Cổ phần Xây dựng Bảo tàng Hồ Chí Minh,UPCOM,Công nghiệp,Xây dựng và Vật liệu,Xây dựng và Vật liệu
HNA,Công ty Cổ phần Thủy điện Hủa Na,HOSE,Tiện ích Cộng đồng,"Điện, nước & xăng dầu khí đốt",Sản xuất & Phân phối Điện
HNB,Công ty Cổ phần Bến xe Hà Nội,UPCOM,Công nghiệp,Hàng & Dịch vụ Công nghiệp,Vận tải
HNC,Công ty Cổ phần Xi măng Hữu Nghị,UPCOM,Công nghiệp,Xây dựng và Vật liệu,Xây dựng và Vật liệu
HND,Công ty Cổ phần Nhiệt điện Hải Phòng,UPCOM,Tiện ích Cộng đồng,"Điện, nước & xăng dầu khí đốt",Sản xuất & Phân phối Điện
HNF,Công ty Cổ phần Thực phẩm Hữu Nghị,UPCOM,Hàng Tiêu dùng,Thực phẩm và đồ uống,Sản xuất thực phẩm
HNG,Công ty Cổ phần Nông nghiệp Quốc tế Hoàng Anh Gia Lai,UPCOM,Hàng Tiêu dùng,Thực phẩm và đồ uống,Sản xuất thực phẩm
HNI,Công ty Cổ phần May Hữu Nghị,UPCOM,Hàng Tiêu dùng,Hàng cá nhân & Gia dụng,Hàng cá nhân
HNM,Công ty Cổ phần Sữa Hà Nội,UPCOM,Hàng Tiêu dùng,Thực phẩm và đồ uống,Sản xuất thực phẩm
HNP,Công ty Cổ phần Hanel Xốp Nhựa,UPCOM,Nguyên vật liệu,Hóa chất,Hóa chất
HNR,Công ty Cổ phần Rượu và Nước Giải Khát Hà Nội,UPCOM,Hàng Tiêu dùng,Thực phẩm và đồ uống,Bia và đồ uống
HOM,Công ty Cổ phần Xi măng VICEM Hoàng Mai,HNX,Công nghiệp,Xây dựng và Vật liệu,Xây dựng và Vật liệu
HOT,Công ty Cổ phần Du lịch - Dịch vụ Hội An,UPCOM,Dịch vụ Tiêu dùng,Du lịch và Giải trí,Du lịch & Giải trí
HPA,Công ty Cổ phần Phát triển Nông nghiệp Hoà Phát,HOSE,Hàng Tiêu dùng,Thực phẩm và đồ uống,Sản xuất thực phẩm
HPB,Công ty Cổ phần Bao bì PP,UPCOM,Công nghiệp,Hàng & Dịch vụ Công nghiệp,Hàng công nghiệp
HPD,Công ty Cổ phần Thủy điện Đăk Đoa,UPCOM,Tiện ích Cộng đồng,"Điện, nước & xăng dầu khí đốt",Sản xuất & Phân phối Điện
HPG,Công ty Cổ phần Tập đoàn Hòa Phát,HOSE,Nguyên vật liệu,Tài nguyên Cơ bản,Kim loại
HPH,Công ty Cổ phần Hóa Chất Hưng Phát Hà Bắc,UPCOM,Nguyên vật liệu,Hóa chất,Hóa chất
HPI,Công ty Cổ phần Khu công nghiệp Hiệp Phước,UPCOM,Tài chính,Bất động sản,Bất động sản
HPO,Công ty Cổ phần Công nghiệp Hapulico,UPCOM,Công nghiệp,Hàng & Dịch vụ Công nghiệp,Điện tử & Thiết bị điện
HPP,Công ty Cổ phần Sơn Hải Phòng,UPCOM,Công nghiệp,Xây dựng và Vật liệu,Xây dựng và Vật liệu
HPT,Công ty Cổ phần Dịch vụ Công nghệ Tin học HPT,UPCOM,Công nghệ Thông tin,Công nghệ Thông tin,Phần mềm & Dịch vụ Máy tính
HPW,Công ty Cổ phần Cấp nước Hải Phòng,UPCOM,Tiện ích Cộng đồng,"Điện, nước & xăng dầu khí đốt",Nước & Khí đốt
HPX,Công ty Cổ phần Đầu tư Hải Phát,HOSE,Tài chính,Bất động sản,Bất động sản
HQC,Công ty Cổ phần Tư vấn - Thương mại - Dịch vụ Địa ốc Hoàng Quân,HOSE,Tài chính,Bất động sản,Bất động sản
HRB,Công ty Cổ phần Harec Đầu tư và Thương Mại,UPCOM,Tài chính,Bất động sản,Bất động sản
HRC,Công ty Cổ phần Cao su Hòa Bình,HOSE,Nguyên vật liệu,Hóa chất,Hóa chất
HSA,Công ty Cổ phần HESTIA,UPCOM,Công nghiệp,Hàng & Dịch vụ Công nghiệp,Tư vấn & Hỗ trợ Kinh doanh
HSG,Công ty Cổ phần Tập đoàn Hoa Sen,HOSE,Nguyên vật liệu,Tài nguyên Cơ bản,Kim loại
HSL,Công ty Cổ phần Đầu tư Phát triển Thực phẩm Hồng Hà,HOSE,Hàng Tiêu dùng,Thực phẩm và đồ uống,Sản xuất thực phẩm
HSM,Tổng Công ty Cổ phần Dệt May Hà Nội,UPCOM,Hàng Tiêu dùng,Hàng cá nhân & Gia dụng,Hàng cá nhân
HSP,Công ty Cổ phần Sơn Tổng hợp Hà Nội,UPCOM,Công nghiệp,Xây dựng và Vật liệu,Xây dựng và Vật liệu
HSV,Công ty Cổ phần Tập đoàn HSV Việt Nam,UPCOM,Nguyên vật liệu,Tài nguyên Cơ bản,Kim loại
HT1,Công ty Cổ phần Xi măng VICEM Hà Tiên,HOSE,Công nghiệp,Xây dựng và Vật liệu,Xây dựng và Vật liệu
HT9,Công ty Cổ phần Phát triển hạ tầng 319,UPCOM,Công nghiệp,Xây dựng và Vật liệu,Xây dựng và Vật liệu
HTC,Công ty Cổ phần Thương mại Hóc Môn,HNX,Tiện ích Cộng đồng,"Điện, nước & xăng dầu khí đốt",Nước & Khí đốt
HTE,Công ty Cổ phần Đầu tư Kinh doanh Điện lực Thành phố Hồ Chí Minh,UPCOM,Công nghiệp,Hàng & Dịch vụ Công nghiệp,Điện tử & Thiết bị điện
HTG,Tổng Công ty Cổ phần Dệt may Hòa Thọ,HOSE,Hàng Tiêu dùng,Hàng cá nhân & Gia dụng,Hàng cá nhân
HTI,Công ty Cổ phần Đầu tư Phát triển Hạ tầng IDICO,HOSE,Công nghiệp,Xây dựng và Vật liệu,Xây dựng và Vật liệu
HTL,Công ty Cổ phần Kỹ thuật và Ô tô Trường Long,HOSE,Hàng Tiêu dùng,Ô tô và phụ tùng,Ô tô và phụ tùng
HTM,Tổng Công ty Thương mại Hà Nội – Công ty cổ phần,UPCOM,Dịch vụ Tiêu dùng,Bán lẻ,Bán lẻ
HTN,Công ty Cổ phần Hưng Thịnh Incons,HOSE,Tài chính,Bất động sản,Bất động sản
HTP,Công ty Cổ phần In Sách Giáo Khoa Hòa Phát,UPCOM,Dịch vụ Tiêu dùng,Truyền thông,Truyền thông
HTS,Công ty Cổ phần Thép Hương Thịnh,UPCOM,Nguyên vật liệu,Tài nguyên Cơ bản,Kim loại
HTT,Công ty Cổ phần Thương mại Hà Tây,UPCOM,Dịch vụ Tiêu dùng,Bán lẻ,Bán lẻ
HTV,Công ty Cổ phần Logistics Vicem,HOSE,Công nghiệp,Hàng & Dịch vụ Công nghiệp,Vận tải
HU1,Công ty Cổ phần Đầu tư và Xây dựng HUD1,HOSE,Công nghiệp,Xây dựng và Vật liệu,Xây dựng và Vật liệu
HU3,Công ty Cổ phần Đầu tư và Xây dựng HUD3,UPCOM,Công nghiệp,Xây dựng và Vật liệu,Xây dựng và Vật liệu
HU4,Công ty Cổ phần Đầu tư và Xây dựng HUD4,UPCOM,Công nghiệp,Xây dựng và Vật liệu,Xây dựng và Vật liệu
HU6,Công ty Cổ phần Đầu tư Phát triển Nhà và Đô thị HUD6,UPCOM,Tài chính,Bất động sản,Bất động sản
HUB,Công ty Cổ phần Xây lắp Thừa Thiên Huế,HOSE,Công nghiệp,Xây dựng và Vật liệu,Xây dựng và Vật liệu
HUG,Tổng công ty May Hưng Yên - Công ty Cổ phần,UPCOM,Hàng Tiêu dùng,Hàng cá nhân & Gia dụng,Hàng cá nhân
HUT,Công ty Cổ phần Tasco,HNX,Hàng Tiêu dùng,Ô tô và phụ tùng,Ô tô và phụ tùng
HVA,Công ty Cổ phần Đầu tư HVA,UPCOM,Tài chính,Dịch vụ tài chính,Dịch vụ tài chính
HVH,Công ty Cổ phần Đầu tư và Công nghệ HVC,HOSE,Công nghiệp,Xây dựng và Vật liệu,Xây dựng và Vật liệu
HVN,Tổng Công ty Hàng không Việt Nam - CTCP,HOSE,Dịch vụ Tiêu dùng,Du lịch và Giải trí,Du lịch & Giải trí
HVT,Công ty Cổ phần Hóa chất Việt Trì,HNX,Nguyên vật liệu,Hóa chất,Hóa chất
HVX,Công ty Cổ phần Xi măng Vicem Hải Vân,UPCOM,Công nghiệp,Xây dựng và Vật liệu,Xây dựng và Vật liệu
HWI,Công ty Cổ phần Đầu tư Xây dựng hạ tầng nước sạch Hà Nội,UPCOM,Công nghiệp,Xây dựng và Vật liệu,Xây dựng và Vật liệu
HWS,Công ty Cổ phần Cấp nước Huế,UPCOM,Tiện ích Cộng đồng,"Điện, nước & xăng dầu khí đốt",Nước & Khí đốt
IBD,Công ty Cổ phần In Tổng hợp Bình Dương,UPCOM,Dịch vụ Tiêu dùng,Truyền thông,Truyền thông
ICC,Công ty Cổ phần Xây dựng Công nghiệp,UPCOM,Công nghiệp,Xây dựng và Vật liệu,Xây dựng và Vật liệu
ICF,Công ty Cổ phần Đầu tư - Thương mại - Thuỷ sản,UPCOM,Hàng Tiêu dùng,Thực phẩm và đồ uống,Sản xuất thực phẩm
ICG,Công ty Cổ phần Xây dựng Sông Hồng,HNX,Công nghiệp,Xây dựng và Vật liệu,Xây dựng và Vật liệu
ICI,Công ty Cổ phần Đầu tư và Xây dựng Công nghiệp,UPCOM,Công nghiệp,Xây dựng và Vật liệu,Xây dựng và Vật liệu
ICL,Công ty Cổ phần Xuất Nhập Khẩu Vĩnh Long,UPCOM,Dịch vụ Tiêu dùng,Bán lẻ,Phân phối thực phẩm & dược phẩm
ICN,Công ty Cổ phần Đầu tư Xây dựng Dầu khí IDICO,UPCOM,Công nghiệp,Xây dựng và Vật liệu,Xây dựng và Vật liệu
ICT,Công ty Cổ phần Viễn thông - Tin học Bưu điện,HOSE,Công nghệ Thông tin,Công nghệ Thông tin,Phần mềm & Dịch vụ Máy tính
IDC,Tổng Công ty IDICO - CTCP,HNX,Tài chính,Bất động sản,Bất động sản
IDI,Công ty Cổ phần Đầu tư và Phát triển Đa Quốc Gia I.D.I,HOSE,Hàng Tiêu dùng,Thực phẩm và đồ uống,Sản xuất thực phẩm
IDJ,Công ty Cổ phần Đầu tư IDJ Việt Nam,HNX,Tài chính,Bất động sản,Bất động sản
IDP,Công ty Cổ phần Sữa Quốc tế LOF,UPCOM,Hàng Tiêu dùng,Thực phẩm và đồ uống,Sản xuất thực phẩm
IDV,Công ty Cổ phần Phát triển Hạ tầng Vĩnh Phúc,HNX,Tài chính,Bất động sản,Bất động sản
IFS,Công ty Cổ phần Thực phẩm Quốc tế,UPCOM,Hàng Tiêu dùng,Thực phẩm và đồ uống,Bia và đồ uống
IJC,Công ty Cổ phần Phát triển Hạ tầng Kỹ thuật,HOSE,Tài chính,Bất động sản,Bất động sản
ILA,Công ty Cổ phần ILA,UPCOM,Công nghiệp,Xây dựng và Vật liệu,Xây dựng và Vật liệu
ILB,Công ty Cổ phần ICD Tân Cảng - Long Bình,HOSE,Công nghiệp,Hàng & Dịch vụ Công nghiệp,Vận tải
ILC,Công ty Cổ phần Hợp tác lao động với nước ngoài,UPCOM,Công nghiệp,Hàng & Dịch vụ Công nghiệp,Tư vấn & Hỗ trợ Kinh doanh
ILS,Công ty Cổ phần Đầu tư Thương mại và Dịch vụ Quốc tế,UPCOM,Công nghiệp,Hàng & Dịch vụ Công nghiệp,Hàng công nghiệp
IME,Công ty Cổ phần Cơ khí và Xây lắp Công nghiệp,UPCOM,Công nghiệp,Hàng & Dịch vụ Công nghiệp,Công nghiệp nặng
IMP,Công ty Cổ phần Dược phẩm Imexpharm,HOSE,Dược phẩm và Y tế,Y tế,Dược phẩm
IN4,Công ty Cổ phần In số 4,UPCOM,Dịch vụ Tiêu dùng,Truyền thông,Truyền thông
INC,Công ty Cổ phần Tư vấn Đầu tư IDICO,HNX,Công nghiệp,Xây dựng và Vật liệu,Xây dựng và Vật liệu
INN,Công ty Cổ phần Bao bì và In Nông nghiệp,HNX,Công nghiệp,Hàng & Dịch vụ Công nghiệp,Hàng công nghiệp
IPA,Công ty Cổ phần Tập đoàn Đầu tư I.P.A,HNX,Công nghiệp,Hàng & Dịch vụ Công nghiệp,Tư vấn & Hỗ trợ Kinh doanh
IRC,Công ty Cổ phần Cao su Công nghiệp,UPCOM,Nguyên vật liệu,Hóa chất,Hóa chất
ISG,Công ty Cổ phần Vận tải biển và Hợp tác lao động Quốc Tế,UPCOM,Công nghiệp,Hàng & Dịch vụ Công nghiệp,Vận tải
ISH,Công ty Cổ phần Thủy điện Srok Phu Miêng IDICO,UPCOM,Tiện ích Cộng đồng,"Điện, nước & xăng dầu khí đốt",Sản xuất & Phân phối Điện
IST,Công ty Cổ phần ICD Tân Cảng Sóng Thần,UPCOM,Công nghiệp,Hàng & Dịch vụ Công nghiệp,Vận tải
ITA,Công ty Cổ phần Đầu tư và Công nghiệp Tân Tạo,UPCOM,Tài chính,Bất động sản,Bất động sản
ITC,Công ty Cổ phần Đầu tư - Kinh doanh nhà,HOSE,Tài chính,Bất động sản,Bất động sản
ITD,Công ty Cổ phần Công nghệ ITD,HOSE,Công nghệ Thông tin,Công nghệ Thông tin,Phần mềm & Dịch vụ Máy tính
ITQ,Công ty Cổ phần Tập đoàn Thiên Quang,HNX,Nguyên vật liệu,Tài nguyên Cơ bản,Kim loại
ITS,"Công ty Cổ phần Đầu tư, Thương mại và Dịch vụ - Vinacomin",UPCOM,Công nghiệp,Hàng & Dịch vụ Công nghiệp,Công nghiệp nặng
IVS,Công ty Cổ phần Chứng khoán Guotai Haitong (Việt Nam),HNX,Tài chính,Dịch vụ tài chính,Dịch vụ tài chính
JOS,Công ty Cổ phần Chế biến Thủy sản Xuất khẩu Minh Hải,UPCOM,Hàng Tiêu dùng,Thực phẩm và đồ uống,Sản xuất thực phẩm
JVC,Công ty Cổ phần Đầu tư và Phát triển Y tế Việt Nhật,HOSE,Dược phẩm và Y tế,Y tế,Thiết bị và Dịch vụ Y tế
KAI,Công ty Cổ phần Chứng khoán KAFI,UPCOM,Tài chính,Dịch vụ tài chính,Dịch vụ tài chính
KBC,Tổng Công ty Phát triển Đô thị Kinh Bắc - CTCP,HOSE,Tài chính,Bất động sản,Bất động sản
KCB,Công ty Cổ phần Khoáng Sản và Luyện Kim Cao Bằng,UPCOM,Nguyên vật liệu,Tài nguyên Cơ bản,Khai khoáng
KDC,Công ty Cổ phần Tập đoàn KIDO,HOSE,Hàng Tiêu dùng,Thực phẩm và đồ uống,Sản xuất thực phẩm
KDH,Công ty Cổ phần Đầu tư và Kinh doanh nhà Khang Điền,HOSE,Tài chính,Bất động sản,Bất động sản
KDM,Công ty Cổ phần Tập đoàn GCL,HNX,Công nghiệp,Xây dựng và Vật liệu,Xây dựng và Vật liệu
KGM,Công ty Cổ phần Xuất nhập khẩu Kiên Giang,UPCOM,Dịch vụ Tiêu dùng,Bán lẻ,Bán lẻ
KHD,"Công ty Cổ phần Khai thác, Chế biến Khoáng sản Hải Dương",UPCOM,Nguyên vật liệu,Tài nguyên Cơ bản,Khai khoáng
KHG,Công ty Cổ phần Tập đoàn Khải Hoàn Land,HOSE,Tài chính,Bất động sản,Bất động sản
KHP,Công ty Cổ phần Điện lực Khánh Hòa,HOSE,Tiện ích Cộng đồng,"Điện, nước & xăng dầu khí đốt",Sản xuất & Phân phối Điện
KHS,Công ty Cổ phần Kiên Hùng,HNX,Hàng Tiêu dùng,Thực phẩm và đồ uống,Sản xuất thực phẩm
KHW,Công ty Cổ phần Cấp thoát nước Khánh Hòa,UPCOM,Tiện ích Cộng đồng,"Điện, nước & xăng dầu khí đốt",Nước & Khí đốt
KHX,Công ty Cổ phần Phát hành sách Khánh Hoà,UPCOM,Dịch vụ Tiêu dùng,Truyền thông,Truyền thông
KIP,Công ty Cổ phần K.I.P Việt Nam,UPCOM,Công nghiệp,Hàng & Dịch vụ Công nghiệp,Điện tử & Thiết bị điện
KKC,Công ty Cổ phần Tập đoàn Thành Thái,HNX,Nguyên vật liệu,Tài nguyên Cơ bản,Kim loại
KLB,Ngân hàng Thương mại Cổ phần Kiên Long,HOSE,Ngân hàng,Ngân hàng,Ngân hàng
KMR,Công ty Cổ phần Mirae,HOSE,Hàng Tiêu dùng,Hàng cá nhân & Gia dụng,Hàng cá nhân
KMT,Công ty Cổ phần Kim khí Miền Trung,HNX,Nguyên vật liệu,Tài nguyên Cơ bản,Kim loại
KNA,Công ty Cổ phần Khoáng sản Nghệ An,UPCOM,Nguyên vật liệu,Tài nguyên Cơ bản,Khai khoáng
KOS,Công ty Cổ phần KOSY,HOSE,Tài chính,Bất động sản,Bất động sản
KPF,Công ty Cổ phần Đầu tư Tài sản KOJI,UPCOM,Công nghiệp,Xây dựng và Vật liệu,Xây dựng và Vật liệu
KSB,Công ty Cổ phần Khoáng sản và Xây dựng Bình Dương,HOSE,Công nghiệp,Xây dựng và Vật liệu,Xây dựng và Vật liệu
KSD,Công ty Cổ phần Đầu tư DNA,HNX,Hàng Tiêu dùng,Hàng cá nhân & Gia dụng,Hàng gia dụng
KSF,Công ty Cổ phần Tập đoàn Sunshine,HNX,Tài chính,Bất động sản,Bất động sản
KSQ,Công ty Cổ phần CNC Capital Việt Nam,UPCOM,Công nghiệp,Xây dựng và Vật liệu,Xây dựng và Vật liệu
KST,Công ty Cổ phần KASATI,HNX,Công nghệ Thông tin,Công nghệ Thông tin,Thiết bị và Phần cứng
KSV,Tổng Công ty Khoáng sản TKV - Công ty Cổ phần,HNX,Nguyên vật liệu,Tài nguyên Cơ bản,Khai khoáng
KTC,Công ty Cổ phần Thương mại Kiên Giang,UPCOM,Hàng Tiêu dùng,Thực phẩm và đồ uống,Sản xuất thực phẩm
KTL,Công ty Cổ phần Kim khí Thăng Long,UPCOM,Nguyên vật liệu,Tài nguyên Cơ bản,Kim loại
KTS,Công ty Cổ phần Đường Kon Tum,HNX,Hàng Tiêu dùng,Thực phẩm và đồ uống,Sản xuất thực phẩm
KTT,Công ty Cổ phần Tập đoàn Đầu tư KTT,UPCOM,Công nghiệp,Xây dựng và Vật liệu,Xây dựng và Vật liệu
KVC,Công ty Cổ phần Sản xuất Xuất nhập khẩu Inox Kim Vĩ,UPCOM,Nguyên vật liệu,Tài nguyên Cơ bản,Kim loại
L10,Công ty Cổ phần Lilama 10,HOSE,Công nghiệp,Hàng & Dịch vụ Công nghiệp,Công nghiệp nặng
L12,Công ty Cổ phần Licogi 12,UPCOM,Công nghiệp,Xây dựng và Vật liệu,Xây dựng và Vật liệu
L14,Công ty Cổ phần Licogi 14,HNX,Công nghiệp,Xây dựng và Vật liệu,Xây dựng và Vật liệu
L18,Công ty Cổ phần Đầu tư và Xây dựng số 18,HNX,Công nghiệp,Xây dựng và Vật liệu,Xây dựng và Vật liệu
L35,Công ty Cổ phần Cơ khí Lắp máy Lilama,UPCOM,Công nghiệp,Hàng & Dịch vụ Công nghiệp,Công nghiệp nặng
L40,Công ty Cổ phần Đầu tư và Xây dựng 40,HNX,Công nghiệp,Xây dựng và Vật liệu,Xây dựng và Vật liệu
L43,Công ty Cổ phần Lilama 45.3,UPCOM,Công nghiệp,Xây dựng và Vật liệu,Xây dựng và Vật liệu
L45,Công ty Cổ phần Lilama 45.1,UPCOM,Công nghiệp,Xây dựng và Vật liệu,Xây dựng và Vật liệu
L61,Công ty Cổ phần Lilama 69-1,UPCOM,Công nghiệp,Hàng & Dịch vụ Công nghiệp,Công nghiệp nặng
L62,Công ty Cổ phần Lilama 69 - 2,UPCOM,Công nghiệp,Hàng & Dịch vụ Công nghiệp,Công nghiệp nặng
L63,Công ty Cổ phần Lilama 69-3,UPCOM,Công nghiệp,Hàng & Dịch vụ Công nghiệp,Công nghiệp nặng
LAF,Công ty Cổ phần Chế biến Hàng Xuất khẩu Long An,HOSE,Hàng Tiêu dùng,Thực phẩm và đồ uống,Sản xuất thực phẩm
LAI,Công ty Cổ phần Đầu tư Xây dựng Long An IDICO,UPCOM,Công nghiệp,Xây dựng và Vật liệu,Xây dựng và Vật liệu
LAS,Công ty Cổ phần Supe Phốt phát và Hóa chất Lâm Thao,HNX,Nguyên vật liệu,Hóa chất,Hóa chất
LAW,Công ty Cổ phần Cấp thoát nước Long An,UPCOM,Tiện ích Cộng đồng,"Điện, nước & xăng dầu khí đốt",Nước & Khí đốt
LBE,Công ty Cổ phần Thương mại và Dịch vụ LVA,HNX,Hàng Tiêu dùng,Hàng cá nhân & Gia dụng,Hàng cá nhân
LBM,Công ty Cổ phần Khoáng sản và Vật liệu xây dựng Lâm Đồng,HOSE,Công nghiệp,Xây dựng và Vật liệu,Xây dựng và Vật liệu
LCD,Công ty Cổ phần Lắp máy - Thí nghiệm cơ điện,HNX,Công nghiệp,Xây dựng và Vật liệu,Xây dựng và Vật liệu
LCG,Công ty Cổ phần Lizen,HOSE,Công nghiệp,Xây dựng và Vật liệu,Xây dựng và Vật liệu
LCM,Công ty Cổ phần Khai thác và Chế biến Khoáng sản Lào Cai,UPCOM,Nguyên vật liệu,Tài nguyên Cơ bản,Khai khoáng
LDG,Công ty Cổ phần Đầu tư LDG,HOSE,Tài chính,Bất động sản,Bất động sản
LDP,Công ty Cổ phần Dược Lâm Đồng - Ladophar,HNX,Dược phẩm và Y tế,Y tế,Dược phẩm
LDW,Công ty Cổ phần Cấp thoát nước Lâm Đồng,UPCOM,Tiện ích Cộng đồng,"Điện, nước & xăng dầu khí đốt",Nước & Khí đốt
LEC,Công ty Cổ phần Bất động sản Điện lực Miền Trung,UPCOM,Tài chính,Bất động sản,Bất động sản
LG9,Công ty Cổ phần Cơ giới và Xây lắp số 9,UPCOM,Công nghiệp,Xây dựng và Vật liệu,Xây dựng và Vật liệu
LGC,Công ty Cổ phần Đầu tư Cầu đường CII,HOSE,Công nghiệp,Xây dựng và Vật liệu,Xây dựng và Vật liệu
LGL,Công ty Cổ phần Đầu tư và Phát triển Đô thị Long Giang,HOSE,Tài chính,Bất động sản,Bất động sản
LHC,Công ty Cổ phần Đầu tư và Xây dựng Thủy lợi Lâm Đồng,HNX,Công nghiệp,Xây dựng và Vật liệu,Xây dựng và Vật liệu
LHG,Công ty Cổ phần Long Hậu,HOSE,Tài chính,Bất động sản,Bất động sản
LIC,Tổng Công ty LICOGI - Công ty Cổ phần,UPCOM,Công nghiệp,Xây dựng và Vật liệu,Xây dựng và Vật liệu
LIG,Công ty Cổ phần Licogi 13,HNX,Công nghiệp,Xây dựng và Vật liệu,Xây dựng và Vật liệu
LIX,Công ty Cổ phần Bột Giặt LIX,HOSE,Hàng Tiêu dùng,Hàng cá nhân & Gia dụng,Hàng cá nhân
LKW,Công ty Cổ phần Cấp nước Long Khánh,UPCOM,Tiện ích Cộng đồng,"Điện, nước & xăng dầu khí đốt",Nước & Khí đốt
LLM,Tổng Công ty lắp máy Việt Nam - Công ty Cổ phần,UPCOM,Công nghiệp,Hàng & Dịch vụ Công nghiệp,Công nghiệp nặng
LM3,Công ty Cổ phần Lilama 3,UPCOM,Công nghiệp,Xây dựng và Vật liệu,Xây dựng và Vật liệu
LM7,Công ty Cổ phần Lilama 7,UPCOM,Công nghiệp,Hàng & Dịch vụ Công nghiệp,Công nghiệp nặng
LM8,Công ty Cổ phần Lilama 18,HOSE,Công nghiệp,Xây dựng và Vật liệu,Xây dựng và Vật liệu
LMC,Công ty Cổ phần LUMI Holdings,UPCOM,Nguyên vật liệu,Tài nguyên Cơ bản,Khai khoáng
LMH,Công ty Cổ phần Quốc Tế Holding,UPCOM,Tài chính,Bất động sản,Bất động sản
LMI,Công ty Cổ phần Đầu tư Xây dựng Lắp máy IDICO,UPCOM,Công nghiệp,Hàng & Dịch vụ Công nghiệp,Công nghiệp nặng
LNC,Công ty Cổ phần Lệ Ninh,UPCOM,Nguyên vật liệu,Hóa chất,Hóa chất
LO5,Công ty Cổ phần Lilama 5,UPCOM,Công nghiệp,Hàng & Dịch vụ Công nghiệp,Công nghiệp nặng
LPB,Ngân hàng Thương mại Cổ phần Lộc Phát Việt Nam,HOSE,Ngân hàng,Ngân hàng,Ngân hàng
LPS,Công ty Cổ phần Chứng khoán LPS,HOSE,Tài chính,Dịch vụ tài chính,Dịch vụ tài chính
LPT,Công ty Cổ phần Thương mại và Sản xuất Lập Phương Thành,UPCOM,Công nghiệp,Hàng & Dịch vụ Công nghiệp,Tư vấn & Hỗ trợ Kinh doanh
LQN,Công ty Cổ phần Licogi Quảng Ngãi,UPCOM,Công nghiệp,Xây dựng và Vật liệu,Xây dựng và Vật liệu
LSG,Công ty Cổ phần Bất động sản Sài Gòn Vi na,UPCOM,Tài chính,Bất động sản,Bất động sản
LSS,Công ty Cổ phần Mía đường Lam Sơn,HOSE,Hàng Tiêu dùng,Thực phẩm và đồ uống,Sản xuất thực phẩm
LTC,Công ty Cổ phần Điện nhẹ Viễn Thông,UPCOM,Công nghệ Thông tin,Công nghệ Thông tin,Thiết bị và Phần cứng
LTQ,Công ty TNHH MTV Lâm nghiệp Nguyễn Văn Trỗi,UPCOM,Nguyên vật liệu,Tài nguyên Cơ bản,Lâm nghiệp và Giấy
LUT,Công ty Cổ phần Đầu tư Xây dựng Lương Tài,UPCOM,Công nghiệp,Xây dựng và Vật liệu,Xây dựng và Vật liệu
M10,Tổng công ty May 10 - Công ty Cổ phần,UPCOM,Hàng Tiêu dùng,Hàng cá nhân & Gia dụng,Hàng cá nhân
MA1,Công ty Cổ phần Thiết bị,UPCOM,Tài chính,Bất động sản,Bất động sản
MAC,Công ty Cổ phần Tập đoàn Macstar,HNX,Công nghiệp,Hàng & Dịch vụ Công nghiệp,Công nghiệp nặng
MAS,Công ty cổ phần Dịch vụ Hàng Không Sân Bay Đà Nẵng,HNX,Dịch vụ Tiêu dùng,Du lịch và Giải trí,Du lịch & Giải trí
MBB,Ngân hàng Thương mại Cổ phần Quân đội,HOSE,Ngân hàng,Ngân hàng,Ngân hàng
MBG,Công ty Cổ phần Tập đoàn MBG,HNX,Công nghiệp,Xây dựng và Vật liệu,Xây dựng và Vật liệu
MBN,Công ty Cổ phần Môi trường và Công trình đô thị Bắc Ninh,UPCOM,Công nghiệp,Hàng & Dịch vụ Công nghiệp,Tư vấn & Hỗ trợ Kinh doanh
MBS,Công ty Cổ phần Chứng khoán MB,HNX,Tài chính,Dịch vụ tài chính,Dịch vụ tài chính
MBT,Công ty Cổ phần Bất động sản cho thuê Minh Bảo Tín,UPCOM,Tài chính,Bất động sản,Bất động sản
MCC,Công ty Cổ phần Gạch ngói cao cấp,HNX,Công nghiệp,Xây dựng và Vật liệu,Xây dựng và Vật liệu
MCF,Công ty Cổ phần Xây lắp Cơ khí và Lương thực Thực phẩm,HNX,Hàng Tiêu dùng,Thực phẩm và đồ uống,Sản xuất thực phẩm
MCG,Công ty Cổ phần Năng lượng và Bất động sản MCG,UPCOM,Công nghiệp,Xây dựng và Vật liệu,Xây dựng và Vật liệu
MCH,Công ty Cổ phần Hàng Tiêu Dùng MaSan,HOSE,Hàng Tiêu dùng,Thực phẩm và đồ uống,Sản xuất thực phẩm
MCM,Công ty Cổ phần Giống bò sữa Mộc Châu,HOSE,Hàng Tiêu dùng,Thực phẩm và đồ uống,Sản xuất thực phẩm
MCO,Công ty Cổ phần Đầu tư và Xây dựng BDC Việt Nam,HNX,Công nghiệp,Xây dựng và Vật liệu,Xây dựng và Vật liệu
MCP,Công ty Cổ phần In và Bao bì Mỹ Châu,HOSE,Công nghiệp,Hàng & Dịch vụ Công nghiệp,Hàng công nghiệp
MDA,Công ty Cổ phần Môi trường Đô thị Đông Anh,UPCOM,Công nghiệp,Hàng & Dịch vụ Công nghiệp,Tư vấn & Hỗ trợ Kinh doanh
MDC,Công ty Cổ phần Than Mông Dương - Vinacomin,HNX,Nguyên vật liệu,Tài nguyên Cơ bản,Khai khoáng
MDD,Công ty Cổ phần Mai Động,HNX,Công nghiệp,Hàng & Dịch vụ Công nghiệp,Công nghiệp nặng
MDF,Công ty Cổ phần Gỗ MDF VRG - Quảng Trị,UPCOM,Nguyên vật liệu,Tài nguyên Cơ bản,Lâm nghiệp và Giấy
MDG,Công ty Cổ phần Miền Đông,HOSE,Công nghiệp,Xây dựng và Vật liệu,Xây dựng và Vật liệu
MEC,Công ty Cổ phần Cơ khí - Lắp máy Sông Đà,UPCOM,Công nghiệp,Xây dựng và Vật liệu,Xây dựng và Vật liệu
MED,Công ty Cổ phần Dược Trung ương Mediplantex,HNX,Dược phẩm và Y tế,Y tế,Dược phẩm
MEF,Công ty Cổ phần MEINFA,UPCOM,Dược phẩm và Y tế,Y tế,Thiết bị và Dịch vụ Y tế
MEL,Công ty Cổ phần Thép Mê Lin,HNX,Nguyên vật liệu,Tài nguyên Cơ bản,Kim loại
MES,Công ty Cổ phần Cơ điện Công trình,UPCOM,Công nghiệp,Xây dựng và Vật liệu,Xây dựng và Vật liệu
MFS,Công ty Cổ phần Dịch vụ kỹ thuật Mobifone,UPCOM,Viễn thông,Viễn thông,Viễn thông di động
MGC,Công ty Cổ phần Địa chất mỏ - TKV,UPCOM,Nguyên vật liệu,Tài nguyên Cơ bản,Khai khoáng
MGG,Tổng Công ty Đức Giang - Công ty Cổ phần,UPCOM,Hàng Tiêu dùng,Hàng cá nhân & Gia dụng,Hàng cá nhân
MGR,Công ty cổ phần Tập đoàn MGROUP,UPCOM,Tài chính,Bất động sản,Bất động sản
MH3,Công ty Cổ phần Khu công nghiệp Cao su Bình Long,UPCOM,Tài chính,Bất động sản,Bất động sản
MHC,Công ty Cổ phần MHC,HOSE,Công nghiệp,Hàng & Dịch vụ Công nghiệp,Vận tải
MHL,Công ty Cổ phần Minh Hữu Liên,UPCOM,Nguyên vật liệu,Tài nguyên Cơ bản,Kim loại
MIC,Công ty Cổ phần Kỹ nghệ Khoáng sản Quảng Nam,HNX,Nguyên vật liệu,Tài nguyên Cơ bản,Khai khoáng
MIE,Tổng Công ty Máy và Thiết bị Công nghiệp - CTCP,UPCOM,Công nghiệp,Hàng & Dịch vụ Công nghiệp,Công nghiệp nặng
MIG,Tổng Công ty Cổ phần Bảo hiểm Quân đội,HOSE,Tài chính,Bảo hiểm,Bảo hiểm phi nhân thọ
MKP,Công ty Cổ phần Hóa - Dược phẩm Mekophar,UPCOM,Dược phẩm và Y tế,Y tế,Dược phẩm
MKV,Công ty Cổ phần Dược Thú Y Cai Lậy,HNX,Dược phẩm và Y tế,Y tế,Dược phẩm
MLC,Công ty Cổ phần Môi trường Đô thị Tỉnh Lào Cai,UPCOM,Công nghiệp,Hàng & Dịch vụ Công nghiệp,Tư vấn & Hỗ trợ Kinh doanh
MLS,Công ty Cổ phần Chăn nuôi - Mitraco,UPCOM,Hàng Tiêu dùng,Thực phẩm và đồ uống,Sản xuất thực phẩm
MML,Công ty Cổ phần Masan MEATLife,UPCOM,Hàng Tiêu dùng,Thực phẩm và đồ uống,Sản xuất thực phẩm
MNB,Tổng Công ty May Nhà Bè - Công ty Cổ phần,UPCOM,Hàng Tiêu dùng,Hàng cá nhân & Gia dụng,Hàng cá nhân
MND,Công ty Cổ phần Môi trường Nam Định,UPCOM,Công nghiệp,Hàng & Dịch vụ Công nghiệp,Tư vấn & Hỗ trợ Kinh doanh
MPC,Công ty Cổ phần Tập đoàn Thủy sản Minh Phú,UPCOM,Hàng Tiêu dùng,Thực phẩm và đồ uống,Sản xuất thực phẩm
MPT,Công ty Cổ phần Tập đoàn MPT,UPCOM,Hàng Tiêu dùng,Hàng cá nhân & Gia dụng,Hàng cá nhân
MPY,Công ty Cổ phần Môi trường đô thị Phú Yên,UPCOM,Công nghiệp,Hàng & Dịch vụ Công nghiệp,Tư vấn & Hỗ trợ Kinh doanh
MQB,Công ty Cổ phần Môi trường và Phát triển đô thị Quảng Bình,UPCOM,Công nghiệp,Hàng & Dịch vụ Công nghiệp,Tư vấn & Hỗ trợ Kinh doanh
MQN,Công ty Cổ phần Môi trường đô thị Quảng Ngãi,UPCOM,Công nghiệp,Hàng & Dịch vụ Công nghiệp,Tư vấn & Hỗ trợ Kinh doanh
MRF,Công ty Cổ phần MERUFA,UPCOM,Dược phẩm và Y tế,Y tế,Thiết bị và Dịch vụ Y tế
MSB,Ngân hàng Thương mại Cổ phần Hàng Hải Việt Nam,HOSE,Ngân hàng,Ngân hàng,Ngân hàng
MSH,Công ty Cổ phần May Sông Hồng,HOSE,Hàng Tiêu dùng,Hàng cá nhân & Gia dụng,Hàng cá nhân
MSN,Công ty Cổ phần Tập đoàn Masan,HOSE,Hàng Tiêu dùng,Thực phẩm và đồ uống,Sản xuất thực phẩm
MSR,Công ty Cổ phần Masan High-Tech Materials,UPCOM,Nguyên vật liệu,Tài nguyên Cơ bản,Khai khoáng
MST,Công ty Cổ phần Đầu tư MST,HNX,Công nghiệp,Xây dựng và Vật liệu,Xây dựng và Vật liệu
MT7,Công ty Cổ phần Sản Xuất Thương Mại Dịch Vụ Xây Dựng Minh Thành,UPCOM,Dịch vụ Tiêu dùng,Du lịch và Giải trí,Du lịch & Giải trí
MT9,Công ty Cổ phần 319 Miền Trung,UPCOM,Công nghiệp,Xây dựng và Vật liệu,Xây dựng và Vật liệu
MTA,Tổng Công ty Khoáng sản và Thương mại Hà Tĩnh - Công ty Cổ phần,UPCOM,Nguyên vật liệu,Tài nguyên Cơ bản,Khai khoáng
MTB,Công ty Cổ phần Môi trường và Công trình đô thị tỉnh Thái Bình,UPCOM,Công nghiệp,Hàng & Dịch vụ Công nghiệp,Tư vấn & Hỗ trợ Kinh doanh
MTG,Công ty Cổ phần MT Gas,UPCOM,Tiện ích Cộng đồng,"Điện, nước & xăng dầu khí đốt",Nước & Khí đốt
MTH,Công ty Cổ phần Môi trường Đô thị Hà Đông,UPCOM,Công nghiệp,Hàng & Dịch vụ Công nghiệp,Tư vấn & Hỗ trợ Kinh doanh
MTL,Công ty Cổ phần Dịch vụ Môi trường Đô thị Từ Liêm,UPCOM,Công nghiệp,Hàng & Dịch vụ Công nghiệp,Tư vấn & Hỗ trợ Kinh doanh
MTP,Công ty Cổ phần Dược Medipharco,UPCOM,Dược phẩm và Y tế,Y tế,Dược phẩm
MTS,Công ty Cổ phần Vật tư - TKV,UPCOM,Công nghiệp,Hàng & Dịch vụ Công nghiệp,Tư vấn & Hỗ trợ Kinh doanh
MTV,Công ty Cổ phần Dịch vụ Môi trường và Công trình Đô thị Vũng Tàu,UPCOM,Công nghiệp,Hàng & Dịch vụ Công nghiệp,Tư vấn & Hỗ trợ Kinh doanh
MVB,Tổng Công ty Công nghiệp mỏ Việt Bắc TKV - Công ty Cổ phần,HNX,Nguyên vật liệu,Tài nguyên Cơ bản,Khai khoáng
MVC,Công ty Cổ phần Vật liệu và Xây dựng Bình Dương,UPCOM,Công nghiệp,Xây dựng và Vật liệu,Xây dựng và Vật liệu
MVN,Tổng Công ty Hàng hải Việt Nam - CTCP,UPCOM,Công nghiệp,Hàng & Dịch vụ Công nghiệp,Vận tải
MWG,Công ty Cổ phần Đầu tư Thế Giới Di Động,HOSE,Dịch vụ Tiêu dùng,Bán lẻ,Bán lẻ
MZG,Công ty Cổ Phần Miza,HOSE,Nguyên vật liệu,Tài nguyên Cơ bản,Lâm nghiệp và Giấy
NAB,Ngân hàng Thương mại Cổ phần Nam Á,HOSE,Ngân hàng,Ngân hàng,Ngân hàng
NAC,Công ty Cổ phần Tư vấn Xây dựng Tổng hợp,UPCOM,Công nghiệp,Xây dựng và Vật liệu,Xây dựng và Vật liệu
NAF,Công ty Cổ phần Nafoods Group,HOSE,Hàng Tiêu dùng,Thực phẩm và đồ uống,Bia và đồ uống
NAG,Công ty Cổ phần Tập đoàn Nagakawa,HNX,Công nghiệp,Hàng & Dịch vụ Công nghiệp,Điện tử & Thiết bị điện
NAP,Công ty Cổ phần Cảng Nghệ Tĩnh,HNX,Công nghiệp,Hàng & Dịch vụ Công nghiệp,Vận tải
NAS,Công ty Cổ phần Dịch vụ Hàng không Sân bay Việt Nam,UPCOM,Công nghiệp,Hàng & Dịch vụ Công nghiệp,Vận tải
NAU,Công ty Cổ phần Môi trường và Công trình Đô thị Nghệ An,UPCOM,Công nghiệp,Hàng & Dịch vụ Công nghiệp,Tư vấn & Hỗ trợ Kinh doanh
NAV,Công ty Cổ phần Nam Việt,HOSE,Công nghiệp,Xây dựng và Vật liệu,Xây dựng và Vật liệu
NAW,Công ty Cổ phần Cấp nước Nghệ An,UPCOM,Tiện ích Cộng đồng,"Điện, nước & xăng dầu khí đốt",Nước & Khí đốt
NBB,Công ty Cổ phần Đầu tư Năm Bảy Bảy,HOSE,Tài chính,Bất động sản,Bất động sản
NBC,Công ty Cổ phần Than Núi Béo - Vinacomin,HNX,Nguyên vật liệu,Tài nguyên Cơ bản,Khai khoáng
NBE,Công ty Cổ phần Sách và Thiết bị Giáo dục Miền Bắc,UPCOM,Dịch vụ Tiêu dùng,Truyền thông,Truyền thông
NBP,Công ty Cổ phần Nhiệt Điện Ninh Bình,HNX,Tiện ích Cộng đồng,"Điện, nước & xăng dầu khí đốt",Sản xuất & Phân phối Điện
NBT,Công ty Cổ phần Cấp thoát nước Bến Tre,UPCOM,Tiện ích Cộng đồng,"Điện, nước & xăng dầu khí đốt",Nước & Khí đốt
NBW,Công ty Cổ phần Cấp nước Nhà Bè,HNX,Tiện ích Cộng đồng,"Điện, nước & xăng dầu khí đốt",Nước & Khí đốt
NCG,Công ty Cổ phần Đầu tư Anova Agri,UPCOM,Hàng Tiêu dùng,Thực phẩm và đồ uống,Sản xuất thực phẩm
NCS,Công ty Cổ phần Suất ăn Hàng không Nội Bài,UPCOM,Hàng Tiêu dùng,Thực phẩm và đồ uống,Sản xuất thực phẩm
NCT,Công ty Cổ phần Dịch vụ Hàng hóa Nội Bài,HOSE,Công nghiệp,Hàng & Dịch vụ Công nghiệp,Vận tải
ND2,Công ty Cổ phần Đầu tư và Phát triển điện Miền Bắc 2,UPCOM,Tiện ích Cộng đồng,"Điện, nước & xăng dầu khí đốt",Sản xuất & Phân phối Điện
NDC,Công ty Cổ phần Nam Dược,UPCOM,Dược phẩm và Y tế,Y tế,Dược phẩm
NDF,Công ty Cổ phần Chế biến thực phẩm nông sản xuất khẩu Nam Định,UPCOM,Hàng Tiêu dùng,Thực phẩm và đồ uống,Sản xuất thực phẩm
NDN,Công ty Cổ phần Đầu tư Phát triển Nhà Đà Nẵng,HNX,Tài chính,Bất động sản,Bất động sản
NDP,Công ty Cổ phần Dược phẩm 2/9,UPCOM,Dược phẩm và Y tế,Y tế,Dược phẩm
NDT,Tổng Công ty Cổ phần Dệt may Nam Định,UPCOM,Hàng Tiêu dùng,Hàng cá nhân & Gia dụng,Hàng cá nhân
NDW,Công ty Cổ phần Cấp nước Nam Định,UPCOM,Tiện ích Cộng đồng,"Điện, nước & xăng dầu khí đốt",Nước & Khí đốt
NDX,Công ty Cổ phần Xây lắp Phát triển Nhà Đà Nẵng,HNX,Công nghiệp,Xây dựng và Vật liệu,Xây dựng và Vật liệu
NED,Công ty Cổ phần Đầu tư và Phát triển Điện Tây Bắc,UPCOM,Công nghiệp,Xây dựng và Vật liệu,Xây dựng và Vật liệu
NET,Công ty Cổ phần Bột giặt Net,HNX,Hàng Tiêu dùng,Hàng cá nhân & Gia dụng,Hàng cá nhân
NFC,Công ty Cổ phần Phân lân Ninh Bình,HNX,Nguyên vật liệu,Hóa chất,Hóa chất
NGC,Công ty Cổ phần Chế biến Thủy sản Xuất khẩu Ngô Quyền,UPCOM,Hàng Tiêu dùng,Thực phẩm và đồ uống,Sản xuất thực phẩm
NHA,Tổng Công ty Đầu tư Phát triển Nhà và Đô thị Nam Hà Nội,HOSE,Công nghiệp,Xây dựng và Vật liệu,Xây dựng và Vật liệu
NHC,Công ty Cổ phần Gạch ngói Nhị Hiệp,HNX,Công nghiệp,Xây dựng và Vật liệu,Xây dựng và Vật liệu
NHD,Công ty Cổ phần Dược phẩm Nam Hà,UPCOM,Dược phẩm và Y tế,Y tế,Dược phẩm
NHH,Công ty Cổ phần Nhựa Hà Nội,HOSE,Nguyên vật liệu,Hóa chất,Hóa chất
NHT,Công ty Cổ phần Sản xuất và Thương mại Nam Hoa,HOSE,Hàng Tiêu dùng,Hàng cá nhân & Gia dụng,Hàng hóa giải trí
NHV,Công ty Cổ phần Sức khỏe Hồi sinh Việt Nam,UPCOM,Nguyên vật liệu,Tài nguyên Cơ bản,Kim loại
NJC,Công ty Cổ phần May Nam Định,UPCOM,Hàng Tiêu dùng,Hàng cá nhân & Gia dụng,Hàng cá nhân
NKG,Công ty Cổ phần Thép Nam Kim,HOSE,Nguyên vật liệu,Tài nguyên Cơ bản,Kim loại
NLG,Công ty Cổ phần Đầu tư Nam Long,HOSE,Tài chính,Bất động sản,Bất động sản
NLS,Công ty Cổ phần Cấp thoát nước Lạng Sơn,UPCOM,Tiện ích Cộng đồng,"Điện, nước & xăng dầu khí đốt",Nước & Khí đốt
NNC,Công ty Cổ phần Đá Núi Nhỏ,HOSE,Công nghiệp,Xây dựng và Vật liệu,Xây dựng và Vật liệu
NNT,Công ty Cổ phần Cấp nước Ninh Thuận,UPCOM,Tiện ích Cộng đồng,"Điện, nước & xăng dầu khí đốt",Nước & Khí đốt
NO1,Công ty Cổ phần Tập đoàn 911,HOSE,Công nghiệp,Hàng & Dịch vụ Công nghiệp,Công nghiệp nặng
NOS,Công ty Cổ phần Vận tải Biển và Thương mại Phương Đông,UPCOM,Công nghiệp,Hàng & Dịch vụ Công nghiệp,Vận tải
NQB,Công ty Cổ phần Cấp nước Quảng Bình,UPCOM,Tiện ích Cộng đồng,"Điện, nước & xăng dầu khí đốt",Nước & Khí đốt
NQN,Công ty Cổ phần Nước sạch Quảng Ninh,UPCOM,Tiện ích Cộng đồng,"Điện, nước & xăng dầu khí đốt",Nước & Khí đốt
NRC,Công ty Cổ phần Tập đoàn Bất động sản Quốc gia,HNX,Tài chính,Bất động sản,Bất động sản
NSC,Công ty Cổ phần Tập đoàn Giống cây trồng Việt Nam,HOSE,Hàng Tiêu dùng,Thực phẩm và đồ uống,Sản xuất thực phẩm
NSG,Công ty Cổ phần Nhựa Sài Gòn,UPCOM,Nguyên vật liệu,Hóa chất,Hóa chất
NSH,Công ty Cổ phần Tập đoàn Nhôm Sông Hồng Shalumi,HNX,Nguyên vật liệu,Tài nguyên Cơ bản,Kim loại
NSL,Công ty Cổ phần Cấp nước Sơn La,UPCOM,Tiện ích Cộng đồng,"Điện, nước & xăng dầu khí đốt",Nước & Khí đốt
NSS,Công ty Cổ phần Nông súc sản Đồng Nai,UPCOM,Hàng Tiêu dùng,Thực phẩm và đồ uống,Sản xuất thực phẩm
NST,Công ty Cổ phần Ngân Sơn,HNX,Hàng Tiêu dùng,Hàng cá nhân & Gia dụng,Thuốc lá
NT2,Công ty Cổ phần Điện lực Dầu khí Nhơn Trạch 2,HOSE,Tiện ích Cộng đồng,"Điện, nước & xăng dầu khí đốt",Sản xuất & Phân phối Điện
NTC,Công ty Cổ phần Khu Công nghiệp Nam Tân Uyên,HOSE,Tài chính,Bất động sản,Bất động sản
NTF,Công ty Cổ phần Dược - Vật tư y tế Nghệ An,UPCOM,Dược phẩm và Y tế,Y tế,Dược phẩm
NTH,Công ty Cổ phần Thủy điện Nước Trong,HNX,Tiện ích Cộng đồng,"Điện, nước & xăng dầu khí đốt",Sản xuất & Phân phối Điện
NTL,Công ty Cổ phần Phát triển Đô thị Từ Liêm,HOSE,Tài chính,Bất động sản,Bất động sản
NTP,Công ty Cổ phần Nhựa Thiếu niên Tiền Phong,HNX,Công nghiệp,Xây dựng và Vật liệu,Xây dựng và Vật liệu
NTT,Công ty Cổ phần Dệt - May Nha Trang,UPCOM,Hàng Tiêu dùng,Hàng cá nhân & Gia dụng,Hàng cá nhân
NTW,Công ty Cổ phần Cấp nước Nhơn Trạch,UPCOM,Tiện ích Cộng đồng,"Điện, nước & xăng dầu khí đốt",Nước & Khí đốt
NUE,Công ty Cổ phần Môi trường Đô thị Nha Trang,UPCOM,Công nghiệp,Hàng & Dịch vụ Công nghiệp,Tư vấn & Hỗ trợ Kinh doanh
NVB,Ngân hàng Thương mại Cổ phần Quốc Dân,HNX,Ngân hàng,Ngân hàng,Ngân hàng
NVL,Công ty Cổ phần Tập đoàn Đầu tư Địa ốc No Va,HOSE,Tài chính,Bất động sản,Bất động sản
NVP,Công ty Cổ phần Nước sạch Vĩnh Phúc,UPCOM,Tiện ích Cộng đồng,"Điện, nước & xăng dầu khí đốt",Nước & Khí đốt
NVT,Công ty Cổ phần Bất động sản Du lịch Ninh Vân Bay,HOSE,Tài chính,Bất động sản,Bất động sản
NWT,Công ty Cổ phần Vận tải Newway,UPCOM,Dịch vụ Tiêu dùng,Du lịch và Giải trí,Du lịch & Giải trí
NXT,Công ty Cổ phần Sản xuất và Cung ứng vật liệu xây dựng Kon Tum,UPCOM,Công nghiệp,Xây dựng và Vật liệu,Xây dựng và Vật liệu
OCB,Ngân hàng Thương mại Cổ phần Phương Đông,HOSE,Ngân hàng,Ngân hàng,Ngân hàng
OCH,Công ty Cổ phần One Capital Hospitality,HNX,Hàng Tiêu dùng,Thực phẩm và đồ uống,Sản xuất thực phẩm
ODE,Công ty cổ phần Tập đoàn Truyền thông và Giải trí ODE,UPCOM,Dịch vụ Tiêu dùng,Truyền thông,Truyền thông
OGC,Công ty Cổ phần Tập đoàn Đại Dương,HOSE,Tài chính,Dịch vụ tài chính,Dịch vụ tài chính
OIL,Tổng Công ty Dầu Việt Nam - Công ty Cổ phần,UPCOM,Dầu khí,Dầu khí,Sản xuất Dầu khí
ONE,Công ty Cổ phần Công nghệ ONE,HNX,Công nghệ Thông tin,Công nghệ Thông tin,Thiết bị và Phần cứng
ONW,Công ty Cổ phần Tập đoàn ONW,UPCOM,Dịch vụ Tiêu dùng,Du lịch và Giải trí,Du lịch & Giải trí
OPC,Công ty Cổ phần Dược Phẩm OPC,HOSE,Dược phẩm và Y tế,Y tế,Dược phẩm
ORS,Công ty Cổ phần Chứng khoán Tiên Phong,HOSE,Tài chính,Dịch vụ tài chính,Dịch vụ tài chính
PAC,Công ty Cổ phần Pin Ắc quy Miền Nam,HOSE,Công nghiệp,Hàng & Dịch vụ Công nghiệp,Điện tử & Thiết bị điện
PAI,"Công ty Cổ phần Công nghệ thông tin, Viễn thông và Tự động hóa Dầu khí",UPCOM,Viễn thông,Viễn thông,Viễn thông cố định
PAN,Công ty Cổ phần Tập đoàn PAN,HOSE,Hàng Tiêu dùng,Thực phẩm và đồ uống,Sản xuất thực phẩm
PAP,Công ty Cổ phần Dầu khí đầu tư khai thác Cảng Phước An,UPCOM,Công nghiệp,Hàng & Dịch vụ Công nghiệp,Vận tải
PAS,Công ty Cổ phần Quốc tế Phương Anh,UPCOM,Nguyên vật liệu,Tài nguyên Cơ bản,Kim loại
PAT,Công ty Cổ phần Phốt pho Apatit Việt Nam,UPCOM,Nguyên vật liệu,Hóa chất,Hóa chất
PBC,Công ty Cổ phần Dược Phẩm Trung ương 1 - Pharbaco,UPCOM,Dược phẩm và Y tế,Y tế,Dược phẩm
PBP,Công ty Cổ phần Bao bì Dầu khí Việt Nam,HNX,Công nghiệp,Hàng & Dịch vụ Công nghiệp,Hàng công nghiệp
PBT,Công ty Cổ Phần Bao bì và Thương mại Dầu khí Bình Sơn,UPCOM,Công nghiệp,Hàng & Dịch vụ Công nghiệp,Hàng công nghiệp
PC1,Công ty Cổ phần Tập đoàn PC1,HOSE,Công nghiệp,Xây dựng và Vật liệu,Xây dựng và Vật liệu
PCB,Ngân hàng Thương mại Cổ phần Đại chúng Việt Nam,UPCOM,Ngân hàng,Ngân hàng,Ngân hàng
PCC,Công ty Cổ phần Tập đoàn Xây lắp 1 - Petrolimex,UPCOM,Công nghiệp,Xây dựng và Vật liệu,Xây dựng và Vật liệu
PCE,Công ty Cổ phần Phân bón và hóa chất dầu khí Miền Trung,HNX,Nguyên vật liệu,Hóa chất,Hóa chất
PCF,Công ty Cổ phần Cà phê PETEC,UPCOM,Hàng Tiêu dùng,Thực phẩm và đồ uống,Bia và đồ uống
PCG,Công ty Cổ phần Đầu tư Phát triển Gas Đô thị,UPCOM,Tiện ích Cộng đồng,"Điện, nước & xăng dầu khí đốt",Nước & Khí đốt
PCH,Công ty Cổ phần Picomat Holding,HNX,Nguyên vật liệu,Hóa chất,Hóa chất
PCM,Công ty Cổ phần Vật liệu Xây dựng Bưu điện,UPCOM,Công nghiệp,Xây dựng và Vật liệu,Xây dựng và Vật liệu
PCT,Công ty Cổ phần Vận tải Biển Global Pacific,HNX,Công nghiệp,Hàng & Dịch vụ Công nghiệp,Vận tải
PDB,Công ty Cổ phần Tập đoàn Đầu tư DIN Capital,HNX,Công nghiệp,Xây dựng và Vật liệu,Xây dựng và Vật liệu
PDC,Công ty Cổ phần Du lịch Dầu khí Phương Đông,UPCOM,Dịch vụ Tiêu dùng,Du lịch và Giải trí,Du lịch & Giải trí
PDN,Công ty Cổ phần Cảng Đồng Nai,HOSE,Công nghiệp,Hàng & Dịch vụ Công nghiệp,Vận tải
PDR,Công ty Cổ phần Phát triển Bất động sản Phát Đạt,HOSE,Tài chính,Bất động sản,Bất động sản
PDV,Công ty Cổ phần Vận tải và Tiếp vận Phương Đông Việt,HOSE,Công nghiệp,Hàng & Dịch vụ Công nghiệp,Vận tải
PEG,Tổng Công ty Thương mại Kỹ thuật và Đầu tư - Công ty Cổ phần,UPCOM,Tiện ích Cộng đồng,"Điện, nước & xăng dầu khí đốt",Nước & Khí đốt
PEN,Công ty Cổ phần Xây lắp III Petrolimex,HNX,Công nghiệp,Xây dựng và Vật liệu,Xây dựng và Vật liệu
PEQ,Công ty Cổ phần Thiết bị xăng dầu Petrolimex,UPCOM,Dầu khí,Dầu khí,"Thiết bị, Dịch vụ và Phân phối Dầu khí"
PET,Tổng Công ty Cổ phần Dịch vụ Tổng hợp Dầu khí,HOSE,Dịch vụ Tiêu dùng,Bán lẻ,Bán lẻ
PFL,Công ty Cổ phần Dầu khí Đông Đô,UPCOM,Công nghiệp,Xây dựng và Vật liệu,Xây dựng và Vật liệu
PGB,Ngân hàng Thương mại Cổ phần Thịnh vượng và Phát triển,UPCOM,Ngân hàng,Ngân hàng,Ngân hàng
PGC,Tổng Công ty Gas Petrolimex - Công ty Cổ phần,HOSE,Tiện ích Cộng đồng,"Điện, nước & xăng dầu khí đốt",Nước & Khí đốt
PGD,Công ty Cổ phần Phân phối khí thấp áp dầu khí Việt Nam,HOSE,Tiện ích Cộng đồng,"Điện, nước & xăng dầu khí đốt",Nước & Khí đốt
PGI,Tổng Công ty Cổ phần Bảo hiểm Petrolimex,HOSE,Tài chính,Bảo hiểm,Bảo hiểm phi nhân thọ
PGN,Công ty Cổ phần Phụ Gia Nhựa,HNX,Nguyên vật liệu,Hóa chất,Hóa chất
PGS,Công ty Cổ phần Kinh doanh Khí Miền Nam,HNX,Tiện ích Cộng đồng,"Điện, nước & xăng dầu khí đốt",Nước & Khí đốt
PGT,Công ty Cổ phần PGT Holdings,HNX,Dịch vụ Tiêu dùng,Du lịch và Giải trí,Du lịch & Giải trí
PGV,Tổng Công ty Phát điện 3 - Công ty Cổ phần,HOSE,Tiện ích Cộng đồng,"Điện, nước & xăng dầu khí đốt",Sản xuất & Phân phối Điện
PHC,Công ty Cổ phần Xây dựng Phục Hưng Holdings,HOSE,Công nghiệp,Xây dựng và Vật liệu,Xây dựng và Vật liệu
PHH,Công ty Cổ phần Hồng Hà Việt Nam,UPCOM,Công nghiệp,Xây dựng và Vật liệu,Xây dựng và Vật liệu
PHN,Công ty Cổ phần Pin Hà Nội,HNX,Công nghiệp,Hàng & Dịch vụ Công nghiệp,Điện tử & Thiết bị điện
PHP,Công ty Cổ phần Cảng Hải Phòng,UPCOM,Công nghiệp,Hàng & Dịch vụ Công nghiệp,Vận tải
PHR,Công ty Cổ phần Cao su Phước Hòa,HOSE,Nguyên vật liệu,Hóa chất,Hóa chất
PHS,Công ty Cổ phần Chứng khoán Phú Hưng,UPCOM,Tài chính,Dịch vụ tài chính,Dịch vụ tài chính
PIA,Công ty Cổ phần Tin học Viễn thông Petrolimex,HNX,Viễn thông,Viễn thông,Viễn thông cố định
PIC,Công ty Cổ phần Đầu tư Điện lực 3,HNX,Tiện ích Cộng đồng,"Điện, nước & xăng dầu khí đốt",Sản xuất & Phân phối Điện
PID,Công ty Cổ phần Trang trí nội thất Dầu khí,UPCOM,Công nghiệp,Xây dựng và Vật liệu,Xây dựng và Vật liệu
PIS,Tổng Công ty Pisico Bình Định - Công ty Cổ phần,UPCOM,Nguyên vật liệu,Tài nguyên Cơ bản,Lâm nghiệp và Giấy
PIT,Công ty Cổ phần Xuất nhập khẩu Petrolimex,HOSE,Dịch vụ Tiêu dùng,Bán lẻ,Bán lẻ
PIV,Công ty Cổ phần PIV,UPCOM,Tài chính,Bất động sản,Bất động sản
PJC,Công ty Cổ phần Thương mại và Vận tải Petrolimex Hà Nội,HNX,Tiện ích Cộng đồng,"Điện, nước & xăng dầu khí đốt",Nước & Khí đốt
PJS,Công ty Cổ phần Cấp nước Phú Hòa Tân,UPCOM,Tiện ích Cộng đồng,"Điện, nước & xăng dầu khí đốt",Nước & Khí đốt
PJT,Công ty Cổ phần Vận tải Xăng dầu đường thủy Petrolimex,HOSE,Công nghiệp,Hàng & Dịch vụ Công nghiệp,Vận tải
PLA,Công ty Cổ phần Đầu tư và Dịch vụ hạ tầng Xăng dầu,UPCOM,Công nghiệp,Xây dựng và Vật liệu,Xây dựng và Vật liệu
PLC,Tổng Công ty Hóa dầu Petrolimex - Công ty Cổ phần,HNX,Nguyên vật liệu,Hóa chất,Hóa chất
PLE,Công ty Cổ phần Tư vấn Xây dựng Petrolimex,UPCOM,Công nghiệp,Xây dựng và Vật liệu,Xây dựng và Vật liệu
PLO,Công ty Cổ phần Kho vận Petec,UPCOM,Công nghiệp,Hàng & Dịch vụ Công nghiệp,Vận tải
PLP,Công ty Cổ phần Sản xuất và Công nghệ Nhựa Pha Lê,HOSE,Nguyên vật liệu,Hóa chất,Hóa chất
PLX,Tập đoàn Xăng dầu Việt Nam,HOSE,Dầu khí,Dầu khí,Sản xuất Dầu khí
PMB,Công ty Cổ phần Phân bón và Hóa chất Dầu khí Miền Bắc,HNX,Nguyên vật liệu,Hóa chất,Hóa chất
PMC,Công ty Cổ phần Dược phẩm Dược liệu Pharmedic,HNX,Dược phẩm và Y tế,Y tế,Dược phẩm
PMG,Công ty Cổ phần Đầu tư và Sản xuất Petro Miền Trung,HOSE,Tiện ích Cộng đồng,"Điện, nước & xăng dầu khí đốt",Nước & Khí đốt
PMJ,Công ty Cổ phần Vật tư Bưu điện,UPCOM,Công nghệ Thông tin,Công nghệ Thông tin,Thiết bị và Phần cứng
PMP,Công ty Cổ phần Bao bì Đạm Phú Mỹ,HNX,Công nghiệp,Hàng & Dịch vụ Công nghiệp,Hàng công nghiệp
PMS,Công ty Cổ phần Cơ khí Xăng dầu,HNX,Công nghiệp,Hàng & Dịch vụ Công nghiệp,Công nghiệp nặng
PMT,Công ty Cổ phần Viễn thông Telvina Việt Nam,UPCOM,Công nghệ Thông tin,Công nghệ Thông tin,Thiết bị và Phần cứng
PMW,Công ty Cổ phần Cấp Nước Phú Mỹ,UPCOM,Tiện ích Cộng đồng,"Điện, nước & xăng dầu khí đốt",Nước & Khí đốt
PNC,Công ty Cổ phần Văn hóa Phương Nam,HOSE,Dịch vụ Tiêu dùng,Truyền thông,Truyền thông
PND,Công ty Cổ phần Xăng dầu Dầu khí Nam Định,UPCOM,Tiện ích Cộng đồng,"Điện, nước & xăng dầu khí đốt",Nước & Khí đốt
PNG,Công ty Cổ phần Thương Mại Phú Nhuận,UPCOM,Dịch vụ Tiêu dùng,Du lịch và Giải trí,Du lịch & Giải trí
PNJ,Công ty Cổ phần Vàng bạc Đá quý Phú Nhuận,HOSE,Hàng Tiêu dùng,Hàng cá nhân & Gia dụng,Hàng cá nhân
PNP,Công ty Cổ phần Tân Cảng – Phú Hữu,UPCOM,Công nghiệp,Hàng & Dịch vụ Công nghiệp,Vận tải
PNT,Công ty Cổ phần Kỹ thuật Xây dựng Phú Nhuận,UPCOM,Công nghiệp,Xây dựng và Vật liệu,Xây dựng và Vật liệu
POB,Công ty Cổ phần Xăng dầu Dầu khí Hưng Yên,UPCOM,Tiện ích Cộng đồng,"Điện, nước & xăng dầu khí đốt",Nước & Khí đốt
POM,Công ty Cổ phần Thép Pomina,UPCOM,Nguyên vật liệu,Tài nguyên Cơ bản,Kim loại
POS,Công ty Cổ phần Vận hành và Xây lắp PTSC,UPCOM,Dầu khí,Dầu khí,"Thiết bị, Dịch vụ và Phân phối Dầu khí"
POT,Công ty Cổ phần Thiết bị Bưu điện,HNX,Công nghệ Thông tin,Công nghệ Thông tin,Thiết bị và Phần cứng
POV,Công ty Cổ phần Xăng dầu Dầu khí Vũng Áng,UPCOM,Tiện ích Cộng đồng,"Điện, nước & xăng dầu khí đốt",Nước & Khí đốt
POW,Tổng Công ty Điện lực Dầu khí Việt Nam - CTCP,HOSE,Tiện ích Cộng đồng,"Điện, nước & xăng dầu khí đốt",Sản xuất & Phân phối Điện
PPC,Công ty Cổ phần Nhiệt điện Phả Lại,HOSE,Tiện ích Cộng đồng,"Điện, nước & xăng dầu khí đốt",Sản xuất & Phân phối Điện
PPE,Công ty Cổ phần Tư vấn Đầu tư PP Enterprise,HNX,Công nghiệp,Hàng & Dịch vụ Công nghiệp,Tư vấn & Hỗ trợ Kinh doanh
PPH,Tổng Công ty Cổ phần Phong Phú,UPCOM,Hàng Tiêu dùng,Hàng cá nhân & Gia dụng,Hàng cá nhân
PPI,Công ty Cổ phần Đầu tư và Phát triển dự án hạ tầng Thái Bình Dương,UPCOM,Tài chính,Bất động sản,Bất động sản
PPP,Công ty Cổ phần Dược phẩm Phong Phú,HNX,Dược phẩm và Y tế,Y tế,Dược phẩm
PPS,Công ty Cổ phần Dịch vụ Kỹ thuật Điện lực Dầu khí Việt Nam,HNX,Công nghiệp,Hàng & Dịch vụ Công nghiệp,Tư vấn & Hỗ trợ Kinh doanh
PPT,Công ty cổ phần Petro Times,HNX,Tiện ích Cộng đồng,"Điện, nước & xăng dầu khí đốt",Nước & Khí đốt
PPY,Công ty Cổ phần Xăng dầu dầu khí Phú Yên,HNX,Tiện ích Cộng đồng,"Điện, nước & xăng dầu khí đốt",Nước & Khí đốt
PQN,Công ty Cổ phần Dịch vụ Dầu khí Quảng Ngãi PTSC,UPCOM,Công nghiệp,Hàng & Dịch vụ Công nghiệp,Vận tải
PRC,Công ty Cổ phần Logistics Portserco,HNX,Công nghiệp,Hàng & Dịch vụ Công nghiệp,Vận tải
PRE,Tổng Công ty Cổ phần Tái bảo hiểm Hà Nội,HNX,Tài chính,Bảo hiểm,Bảo hiểm phi nhân thọ
PRO,Công ty Cổ phần Procimex Việt Nam,UPCOM,Hàng Tiêu dùng,Thực phẩm và đồ uống,Sản xuất thực phẩm
PRT,Tổng Công ty Sản xuất - Xuất nhập khẩu Bình Dương - Công ty cổ phần,UPCOM,Tài chính,Bất động sản,Bất động sản
PSB,Công ty Cổ phần Cảng Kỹ thuật PTSC Sao Mai,UPCOM,Công nghiệp,Xây dựng và Vật liệu,Xây dựng và Vật liệu
PSC,Công ty Cổ phần Vận tải và Dịch vụ Petrolimex Sài Gòn,HNX,Công nghiệp,Hàng & Dịch vụ Công nghiệp,Vận tải
PSD,Công ty Cổ phần Dịch vụ Phân phối Tổng hợp Dầu khí,HNX,Dịch vụ Tiêu dùng,Bán lẻ,Bán lẻ
PSE,Công ty Cổ phần Phân bón và hóa chất dầu khí Đông Nam Bộ,HNX,Nguyên vật liệu,Hóa chất,Hóa chất
PSH,Công ty Cổ phần Thương mại Đầu tư Dầu khí Nam Sông Hậu,UPCOM,Tiện ích Cộng đồng,"Điện, nước & xăng dầu khí đốt",Nước & Khí đốt
PSI,Công ty Cổ phần Chứng khoán Dầu khí,HNX,Tài chính,Dịch vụ tài chính,Dịch vụ tài chính
PSL,Công ty Cổ phần Chăn nuôi Phú Sơn,UPCOM,Hàng Tiêu dùng,Thực phẩm và đồ uống,Sản xuất thực phẩm
PSN,Công ty Cổ phần Dịch vụ Kỹ thuật PTSC Thanh Hóa,UPCOM,Công nghiệp,Hàng & Dịch vụ Công nghiệp,Vận tải
PSP,Công ty Cổ phần Cảng Dịch vụ Dầu khí Đình Vũ,UPCOM,Công nghiệp,Hàng & Dịch vụ Công nghiệp,Vận tải
PSW,Công ty Cổ phần Phân bón và hóa chất dầu khí Tây Nam Bộ,HNX,Nguyên vật liệu,Hóa chất,Hóa chất
PTB,Công ty Cổ phần Phú Tài,HOSE,Nguyên vật liệu,Tài nguyên Cơ bản,Lâm nghiệp và Giấy
PTC,Công ty Cổ phần Đầu tư ICAPITAL,HOSE,Công nghiệp,Xây dựng và Vật liệu,Xây dựng và Vật liệu
PTD,Công ty Cổ phần Thiết kế - Xây dựng - Thương mại Phúc Thịnh,HNX,Công nghiệp,Xây dựng và Vật liệu,Xây dựng và Vật liệu
PTE,Công ty Cổ phần Xi măng Phú Thọ,UPCOM,Công nghiệp,Xây dựng và Vật liệu,Xây dựng và Vật liệu
PTG,Công ty Cổ phần May Xuất Khẩu Phan Thiết,UPCOM,Hàng Tiêu dùng,Hàng cá nhân & Gia dụng,Hàng cá nhân
PTH,Công ty Cổ phần Vận tải và Dịch vụ Petrolimex Hà Tây,UPCOM,Tiện ích Cộng đồng,"Điện, nước & xăng dầu khí đốt",Nước & Khí đốt
PTI,Tổng Công ty Cổ phần Bảo hiểm Bưu điện,HNX,Tài chính,Bảo hiểm,Bảo hiểm phi nhân thọ
PTL,Công ty Cổ phần Victory Group,HOSE,Tài chính,Bất động sản,Bất động sản
PTM,"Công ty Cổ phần Sản xuất, Thương mại Và Dịch vụ Ô tô PTM",UPCOM,Hàng Tiêu dùng,Ô tô và phụ tùng,Ô tô và phụ tùng
PTO,Công ty Cổ phần Dịch vụ - Xây dựng Công trình Bưu điện,UPCOM,Công nghiệp,Xây dựng và Vật liệu,Xây dựng và Vật liệu
PTP,Công ty Cổ phần PTP,UPCOM,Viễn thông,Viễn thông,Viễn thông cố định
PTS,Công ty Cổ phần Vận tải và Dịch vụ Petrolimex Hải Phòng,HNX,Công nghiệp,Hàng & Dịch vụ Công nghiệp,Vận tải
PTT,Công ty Cổ phần Vận tải Dầu khí Đông Dương,UPCOM,Công nghiệp,Hàng & Dịch vụ Công nghiệp,Vận tải
PTV,Công ty Cổ phần Thương mại Dầu khí,UPCOM,Dầu khí,Dầu khí,"Thiết bị, Dịch vụ và Phân phối Dầu khí"
PTX,Công ty Cổ phần Vận tải và Dịch vụ Petrolimex Nghệ Tĩnh,HNX,Tiện ích Cộng đồng,"Điện, nước & xăng dầu khí đốt",Nước & Khí đốt
PV2,Công ty Cổ phần Genea Capital,HNX,Tài chính,Bất động sản,Bất động sản
PVB,Công ty Cổ phần Bọc ống Dầu khí Việt Nam,HNX,Dầu khí,Dầu khí,"Thiết bị, Dịch vụ và Phân phối Dầu khí"
PVC,Tổng Công ty Hóa chất và Dịch vụ Dầu khí - Công ty Cổ phần,HNX,Dầu khí,Dầu khí,"Thiết bị, Dịch vụ và Phân phối Dầu khí"
PVD,Tổng Công ty Cổ phần Khoan và Dịch vụ khoan Dầu khí,HOSE,Dầu khí,Dầu khí,"Thiết bị, Dịch vụ và Phân phối Dầu khí"
PVE,Tổng Công ty Tư vấn Thiết kế Dầu khí - Công ty Cổ phần,UPCOM,Dầu khí,Dầu khí,"Thiết bị, Dịch vụ và Phân phối Dầu khí"
PVG,Công ty Cổ phần Kinh doanh LPG Việt Nam,HNX,Tiện ích Cộng đồng,"Điện, nước & xăng dầu khí đốt",Nước & Khí đốt
PVH,Công ty Cổ phần Xây lắp Dầu khí Thanh Hóa,UPCOM,Công nghiệp,Xây dựng và Vật liệu,Xây dựng và Vật liệu
PVI,Công ty Cổ phần PVI,HNX,Tài chính,Bảo hiểm,Bảo hiểm phi nhân thọ
PVL,Công ty Cổ phần Địa ốc Dầu khí,UPCOM,Tài chính,Bất động sản,Bất động sản
PVM,Công ty Cổ phần Máy - Thiết bị Dầu khí,UPCOM,Công nghiệp,Hàng & Dịch vụ Công nghiệp,Tư vấn & Hỗ trợ Kinh doanh
PVO,Công ty Cổ phần Dầu nhờn PV Oil,UPCOM,Nguyên vật liệu,Hóa chất,Hóa chất
PVP,Công ty Cổ phần Vận tải Dầu khí Thái Bình Dương,HOSE,Công nghiệp,Hàng & Dịch vụ Công nghiệp,Vận tải
PVR,Công ty Cổ phần Đầu tư PVR Hà Nội,UPCOM,Tài chính,Bất động sản,Bất động sản
PVS,Tổng Công ty Cổ phần Dịch vụ Kỹ thuật Dầu khí Việt Nam,HNX,Dầu khí,Dầu khí,"Thiết bị, Dịch vụ và Phân phối Dầu khí"
PVT,Tổng Công ty Cổ phần Vận tải Dầu khí,HOSE,Công nghiệp,Hàng & Dịch vụ Công nghiệp,Vận tải
PVV,Công ty Cổ phần Vinaconex 39,UPCOM,Công nghiệp,Xây dựng và Vật liệu,Xây dựng và Vật liệu
PVX,Tổng Công ty Cổ phần Xây lắp Dầu khí Việt Nam,UPCOM,Công nghiệp,Xây dựng và Vật liệu,Xây dựng và Vật liệu
PVY,Công ty Cổ phần Chế tạo Giàn khoan Dầu khí,UPCOM,Công nghiệp,Xây dựng và Vật liệu,Xây dựng và Vật liệu
PWA,Công ty Cổ phần Bất động sản dầu khí,UPCOM,Tài chính,Bất động sản,Bất động sản
PWS,Công ty Cổ phần Cấp thoát nước Phú Yên,UPCOM,Tiện ích Cộng đồng,"Điện, nước & xăng dầu khí đốt",Nước & Khí đốt
PXA,Công ty Cổ phần Đầu tư và Thương mại Dầu khí Nghệ An,UPCOM,Tài chính,Bất động sản,Bất động sản
PXI,Công ty Cổ phần Xây dựng Công nghiệp và Dân dụng Dầu khí,UPCOM,Công nghiệp,Xây dựng và Vật liệu,Xây dựng và Vật liệu
PXL,Công ty Cổ phần Đầu tư Khu Công Nghiệp Dầu khí Long Sơn,UPCOM,Tài chính,Bất động sản,Bất động sản
PXM,Công ty Cổ phần Xây lắp Dầu khí Miền Trung,UPCOM,Công nghiệp,Xây dựng và Vật liệu,Xây dựng và Vật liệu
PXS,Công ty Cổ phần Kết cấu Kim loại và Lắp máy Dầu khí,UPCOM,Công nghiệp,Xây dựng và Vật liệu,Xây dựng và Vật liệu
PXT,Công ty Cổ phần Xây lắp Đường ống Bể chứa Dầu khí,UPCOM,Công nghiệp,Xây dựng và Vật liệu,Xây dựng và Vật liệu
QBS,Công ty Cổ phần Xuất nhập khẩu Quảng Bình,UPCOM,Nguyên vật liệu,Hóa chất,Hóa chất
QCC,Công ty Cổ phần Đầu tư Xây dựng và Phát triển Hạ tầng Viễn Thông,UPCOM,Công nghiệp,Xây dựng và Vật liệu,Xây dựng và Vật liệu
QCG,Công ty Cổ phần Quốc Cường Gia Lai,HOSE,Tài chính,Bất động sản,Bất động sản
QHD,Công ty Cổ phần Que hàn điện Việt Đức,HNX,Công nghiệp,Hàng & Dịch vụ Công nghiệp,Hàng công nghiệp
QHW,Công ty Cổ phần Nước khoáng Quảng Ninh,UPCOM,Hàng Tiêu dùng,Thực phẩm và đồ uống,Bia và đồ uống
QNC,Công ty Cổ phần Xi măng và Xây dựng Quảng Ninh,UPCOM,Công nghiệp,Xây dựng và Vật liệu,Xây dựng và Vật liệu
QNP,Công ty Cổ phần Cảng Quy Nhơn,HOSE,Công nghiệp,Hàng & Dịch vụ Công nghiệp,Vận tải
QNS,Công ty Cổ phần Đường Quảng Ngãi,UPCOM,Hàng Tiêu dùng,Thực phẩm và đồ uống,Sản xuất thực phẩm
QNT,Công ty Cổ phần Tư vấn và Đầu tư Phát triển Quảng Nam,UPCOM,Công nghiệp,Xây dựng và Vật liệu,Xây dựng và Vật liệu
QNU,Công ty Cổ phần Môi trường Đô thị Quảng Nam,UPCOM,Công nghiệp,Hàng & Dịch vụ Công nghiệp,Tư vấn & Hỗ trợ Kinh doanh
QNW,Công ty Cổ phần Cấp thoát nước và xây dựng Quảng Ngãi,UPCOM,Tiện ích Cộng đồng,"Điện, nước & xăng dầu khí đốt",Nước & Khí đốt
QPH,Công ty Cổ phần Thủy điện Quế Phong,UPCOM,Tiện ích Cộng đồng,"Điện, nước & xăng dầu khí đốt",Sản xuất & Phân phối Điện
QSP,Công ty Cổ phần Tân cảng Quy Nhơn,UPCOM,Công nghiệp,Hàng & Dịch vụ Công nghiệp,Vận tải
QST,Công ty Cổ phần Sách và Thiết bị trường học Quảng Ninh,HNX,Dịch vụ Tiêu dùng,Truyền thông,Truyền thông
QTC,Công ty Cổ phần Công trình Giao thông Vận tải Quảng Nam,HNX,Công nghiệp,Xây dựng và Vật liệu,Xây dựng và Vật liệu
QTP,Công ty Cổ phần Nhiệt điện Quảng Ninh,UPCOM,Tiện ích Cộng đồng,"Điện, nước & xăng dầu khí đốt",Sản xuất & Phân phối Điện
RAL,Công ty Cổ phần Bóng đèn Phích nước Rạng Đông,HOSE,Hàng Tiêu dùng,Hàng cá nhân & Gia dụng,Hàng gia dụng
RAT,Công ty Cổ phần Vận tải và Thương mại Đường sắt,UPCOM,Công nghiệp,Hàng & Dịch vụ Công nghiệp,Vận tải
RBC,Công ty Cổ phần Công Nghiệp và Xuất nhập khẩu Cao Su,UPCOM,Nguyên vật liệu,Hóa chất,Hóa chất
RCC,Công ty Cổ phần Tổng Công ty Công trình Đường sắt Việt Nam,UPCOM,Công nghiệp,Xây dựng và Vật liệu,Xây dựng và Vật liệu
RCD,Công ty Cổ phần Xây dựng - Địa ốc Cao su,UPCOM,Công nghiệp,Xây dựng và Vật liệu,Xây dựng và Vật liệu
RCL,Công ty Cổ phần Địa ốc Chợ Lớn,HNX,Tài chính,Bất động sản,Bất động sản
REE,Công ty Cổ phần Cơ điện Lạnh,HOSE,Tiện ích Cộng đồng,"Điện, nước & xăng dầu khí đốt",Sản xuất & Phân phối Điện
REN,Công ty Cổ phần Xây dựng và Đầu tư Khu du lịch Sinh Thái,UPCOM,Công nghiệp,Xây dựng và Vật liệu,Xây dựng và Vật liệu
RGG,Công ty Cổ phần Regal Group,UPCOM,Tài chính,Bất động sản,Bất động sản
RIC,Công ty Cổ phần Quốc Tế Hoàng Gia,UPCOM,Dịch vụ Tiêu dùng,Du lịch và Giải trí,Du lịch & Giải trí
RTB,Công ty Cổ phần Cao su Tân Biên,UPCOM,Nguyên vật liệu,Hóa chất,Hóa chất
RYG,Công ty Cổ phần Sản xuất và Đầu tư Hoàng Gia,HOSE,Công nghiệp,Xây dựng và Vật liệu,Xây dựng và Vật liệu
S12,Công ty Cổ phần Sông Đà 12,UPCOM,Công nghiệp,Xây dựng và Vật liệu,Xây dựng và Vật liệu
S4A,Công ty Cổ phần Thủy điện Sê San 4A,HOSE,Tiện ích Cộng đồng,"Điện, nước & xăng dầu khí đốt",Sản xuất & Phân phối Điện
S55,Công ty Cổ phần Sông Đà 505,HNX,Công nghiệp,Xây dựng và Vật liệu,Xây dựng và Vật liệu
S72,Công ty Cổ phần Sông Đà 7.02,UPCOM,Công nghiệp,Xây dựng và Vật liệu,Xây dựng và Vật liệu
S74,Công ty Cổ phần Sông Đà 7.04,UPCOM,Công nghiệp,Xây dựng và Vật liệu,Xây dựng và Vật liệu
S99,Công ty Cổ phần SCI,HNX,Công nghiệp,Xây dựng và Vật liệu,Xây dựng và Vật liệu
SAB,Tổng Công ty Cổ phần Bia - Rượu - Nước Giải khát Sài Gòn,HOSE,Hàng Tiêu dùng,Thực phẩm và đồ uống,Bia và đồ uống
SAC,Công ty Cổ phần Xếp dỡ và Dịch vụ cảng Sài Gòn,UPCOM,Công nghiệp,Hàng & Dịch vụ Công nghiệp,Vận tải
SAF,Công ty Cổ phần Lương thực Thực phẩm SAFOCO,HNX,Hàng Tiêu dùng,Thực phẩm và đồ uống,Sản xuất thực phẩm
SAL,Công ty Cổ phần Trục vớt Cứu hộ Việt Nam,UPCOM,Công nghiệp,Hàng & Dịch vụ Công nghiệp,Công nghiệp nặng
SAM,Công ty Cổ phần SAM Holdings,HOSE,Công nghệ Thông tin,Công nghệ Thông tin,Thiết bị và Phần cứng
SAS,Công ty Cổ phần Dịch vụ Hàng không Sân bay Tân Sơn Nhất,UPCOM,Dịch vụ Tiêu dùng,Bán lẻ,Bán lẻ
SAV,Công ty Cổ phần Hợp tác Kinh tế và Xuất nhập khẩu Savimex,HOSE,Nguyên vật liệu,Tài nguyên Cơ bản,Lâm nghiệp và Giấy
SB1,Công ty Cổ phần Bia Sài Gòn - Nghệ Tĩnh,UPCOM,Hàng Tiêu dùng,Thực phẩm và đồ uống,Bia và đồ uống
SBA,Công ty Cổ phần Sông Ba,HOSE,Tiện ích Cộng đồng,"Điện, nước & xăng dầu khí đốt",Sản xuất & Phân phối Điện
SBB,Công ty Cổ phần Tập đoàn Bia Sài Gòn Bình Tây,UPCOM,Hàng Tiêu dùng,Thực phẩm và đồ uống,Bia và đồ uống
SBC,Công ty Cổ phần Vận Tải Và Giao Nhận Bia Sài Gòn,UPCOM,Công nghiệp,Hàng & Dịch vụ Công nghiệp,Vận tải
SBD,Công ty Cổ phần Công nghệ Sao Bắc Đẩu,UPCOM,Công nghệ Thông tin,Công nghệ Thông tin,Phần mềm & Dịch vụ Máy tính
SBG,Công ty Cổ Phần Tập Đoàn Cơ Khí Công Nghệ Cao Siba,HOSE,Công nghiệp,Hàng & Dịch vụ Công nghiệp,Hàng công nghiệp
SBH,Công ty Cổ phần Thủy điện Sông Ba Hạ,UPCOM,Tiện ích Cộng đồng,"Điện, nước & xăng dầu khí đốt",Sản xuất & Phân phối Điện
SBL,Công ty Cổ phần Bia Sài Gòn - Bạc Liêu,UPCOM,Hàng Tiêu dùng,Thực phẩm và đồ uống,Bia và đồ uống
SBM,Công ty Cổ phần Đầu tư phát triển Bắc Minh,UPCOM,Tiện ích Cộng đồng,"Điện, nước & xăng dầu khí đốt",Sản xuất & Phân phối Điện
SBR,Công ty Cổ phần Cao su Sông Bé,UPCOM,Nguyên vật liệu,Hóa chất,Hóa chất
SBS,Công ty Cổ phần Chứng khoán SBS,UPCOM,Tài chính,Dịch vụ tài chính,Dịch vụ tài chính
SBT,Công ty Cổ phần Thành Thành Công - Biên Hòa,HOSE,Hàng Tiêu dùng,Thực phẩm và đồ uống,Sản xuất thực phẩm
SBV,Công ty Cổ phần Siam Brothers Việt Nam,HOSE,Dịch vụ Tiêu dùng,Bán lẻ,Bán lẻ
SC5,Công ty Cổ phần Xây dựng số 5,HOSE,Công nghiệp,Xây dựng và Vật liệu,Xây dựng và Vật liệu
SCC,Công ty Cổ phần Thương mại Đầu tư SHB,UPCOM,Công nghiệp,Xây dựng và Vật liệu,Xây dựng và Vật liệu
SCD,Công ty Cổ phần Nước giải khát Chương Dương,UPCOM,Hàng Tiêu dùng,Thực phẩm và đồ uống,Bia và đồ uống
SCG,Công ty Cổ phần Tập đoàn Xây dựng SCG,HNX,Công nghiệp,Xây dựng và Vật liệu,Xây dựng và Vật liệu
SCI,Công ty Cổ phần SCI E&C,HNX,Công nghiệp,Xây dựng và Vật liệu,Xây dựng và Vật liệu
SCJ,Công ty Cổ phần Xi măng Sài Sơn,UPCOM,Công nghiệp,Xây dựng và Vật liệu,Xây dựng và Vật liệu
SCL,Công ty Cổ phần Sông Đà Cao Cường,UPCOM,Công nghiệp,Xây dựng và Vật liệu,Xây dựng và Vật liệu
SCO,Công ty Cổ phần Công nghiệp Thủy sản,UPCOM,Công nghiệp,Hàng & Dịch vụ Công nghiệp,Công nghiệp nặng
SCR,Công ty Cổ phần Địa Ốc Sài Gòn Thương Tín,HOSE,Tài chính,Bất động sản,Bất động sản
SCS,Công ty Cổ phần Dịch vụ Hàng hóa Sài Gòn,HOSE,Dịch vụ Tiêu dùng,Du lịch và Giải trí,Du lịch & Giải trí
SD2,Công ty Cổ phần Sông Đà 2,UPCOM,Công nghiệp,Xây dựng và Vật liệu,Xây dựng và Vật liệu
SD3,Công ty Cổ phần Sông Đà 3,UPCOM,Công nghiệp,Xây dựng và Vật liệu,Xây dựng và Vật liệu
SD4,Công ty Cổ phần Sông Đà 4,UPCOM,Công nghiệp,Xây dựng và Vật liệu,Xây dựng và Vật liệu
SD5,Công ty Cổ phần Sông Đà 5,HNX,Công nghiệp,Xây dựng và Vật liệu,Xây dựng và Vật liệu
SD6,Công ty Cổ phần Sông Đà 6,UPCOM,Công nghiệp,Xây dựng và Vật liệu,Xây dựng và Vật liệu
SD7,Công ty Cổ phần Sông Đà 7,UPCOM,Công nghiệp,Xây dựng và Vật liệu,Xây dựng và Vật liệu
SD8,Công ty Cổ phần Sông Đà 8,UPCOM,Công nghiệp,Xây dựng và Vật liệu,Xây dựng và Vật liệu
SD9,Công ty Cổ phần Sông Đà 9,HNX,Công nghiệp,Xây dựng và Vật liệu,Xây dựng và Vật liệu
SDA,Công ty Cổ phần SIMCO Sông Đà,UPCOM,Công nghiệp,Hàng & Dịch vụ Công nghiệp,Tư vấn & Hỗ trợ Kinh doanh
SDC,Công ty Cổ phần Tư vấn Sông Đà,HNX,Công nghiệp,Hàng & Dịch vụ Công nghiệp,Tư vấn & Hỗ trợ Kinh doanh
SDD,Công ty Cổ phần Đầu tư và Xây lắp Sông Đà,UPCOM,Công nghiệp,Xây dựng và Vật liệu,Xây dựng và Vật liệu
SDG,Công ty Cổ phần Sadico Cần Thơ,HNX,Công nghiệp,Hàng & Dịch vụ Công nghiệp,Hàng công nghiệp
SDK,Công ty Cổ phần Cơ khí Luyện Kim,UPCOM,Công nghiệp,Hàng & Dịch vụ Công nghiệp,Công nghiệp nặng
SDN,Công ty Cổ phần Sơn Đồng Nai,HNX,Công nghiệp,Xây dựng và Vật liệu,Xây dựng và Vật liệu
SDP,Công ty Cổ phần SDP,UPCOM,Công nghiệp,Xây dựng và Vật liệu,Xây dựng và Vật liệu
SDT,Công ty Cổ phần Sông Đà 10,UPCOM,Công nghiệp,Xây dựng và Vật liệu,Xây dựng và Vật liệu
SDU,Công ty Cổ phần Đầu tư Xây dựng và Phát triển Đô thị Sông Đà,HNX,Công nghiệp,Xây dựng và Vật liệu,Xây dựng và Vật liệu
SDV,Công ty Cổ phần Dịch vụ Sonadezi,UPCOM,Công nghiệp,Hàng & Dịch vụ Công nghiệp,Tư vấn & Hỗ trợ Kinh doanh
SDY,Công ty Cổ phần Xi măng Sông Đà Yaly,UPCOM,Công nghiệp,Xây dựng và Vật liệu,Xây dựng và Vật liệu
SEA,Tổng Công ty Thủy sản Việt Nam - Công ty Cổ phần,UPCOM,Hàng Tiêu dùng,Thực phẩm và đồ uống,Sản xuất thực phẩm
SEB,Công ty Cổ phần Đầu tư và Phát triển Điện Miền Trung,HNX,Tiện ích Cộng đồng,"Điện, nước & xăng dầu khí đốt",Sản xuất & Phân phối Điện
SED,Công ty Cổ phần Đầu tư và Phát triển Giáo dục Phương Nam,HNX,Dịch vụ Tiêu dùng,Truyền thông,Truyền thông
SEP,Công ty Cổ phần Tổng Công ty Thương mại Quảng Trị,UPCOM,Nguyên vật liệu,Hóa chất,Hóa chất
SFC,Công ty Cổ phần Nhiên liệu Sài Gòn,HOSE,Tiện ích Cộng đồng,"Điện, nước & xăng dầu khí đốt",Nước & Khí đốt
SFG,Công ty Cổ phần Phân bón Miền Nam,HOSE,Nguyên vật liệu,Hóa chất,Hóa chất
SFI,Công ty Cổ phần Đại lý Vận tải SAFI,HOSE,Công nghiệp,Hàng & Dịch vụ Công nghiệp,Vận tải
SFN,Công ty Cổ phần Dệt lưới Sài Gòn,HNX,Công nghiệp,Hàng & Dịch vụ Công nghiệp,Tư vấn & Hỗ trợ Kinh doanh
SGB,Ngân hàng Thương mại Cổ phần Sài Gòn Công thương,UPCOM,Ngân hàng,Ngân hàng,Ngân hàng
SGC,Công ty Cổ phần Xuất nhập khẩu Sa Giang,HNX,Hàng Tiêu dùng,Thực phẩm và đồ uống,Sản xuất thực phẩm
SGD,Công ty Cổ phần Sách Giáo dục tại Thành phố Hồ Chí Minh,HNX,Dịch vụ Tiêu dùng,Truyền thông,Truyền thông
SGH,Công ty Cổ phần Khách sạn Sài Gòn,HNX,Dịch vụ Tiêu dùng,Du lịch và Giải trí,Du lịch & Giải trí
SGI,Công ty Cổ phần Đầu tư SGI Holdings,UPCOM,Hàng Tiêu dùng,Hàng cá nhân & Gia dụng,Hàng cá nhân
SGN,Công ty Cổ phần Phục vụ mặt đất Sài Gòn,HOSE,Công nghiệp,Hàng & Dịch vụ Công nghiệp,Vận tải
SGP,Công ty Cổ phần Cảng Sài Gòn,UPCOM,Công nghiệp,Hàng & Dịch vụ Công nghiệp,Vận tải
SGR,Công ty Cổ phần Tổng Công ty Cổ phần Địa ốc Sài Gòn,HOSE,Tài chính,Bất động sản,Bất động sản
SGS,Công ty Cổ phần Vận tải biển Sài Gòn,UPCOM,Công nghiệp,Hàng & Dịch vụ Công nghiệp,Vận tải
SGT,Công ty Cổ phần Công nghệ Viễn thông Sài Gòn,HOSE,Công nghệ Thông tin,Công nghệ Thông tin,Phần mềm & Dịch vụ Máy tính
SGV,Công ty Cổ phần Vinaconex Sài Gòn,UPCOM,Công nghiệp,Xây dựng và Vật liệu,Xây dựng và Vật liệu
SHA,Công ty Cổ phần Sơn Hà Sài Gòn,HOSE,Nguyên vật liệu,Tài nguyên Cơ bản,Kim loại
SHB,Ngân hàng Thương mại Cổ phần Sài Gòn – Hà Nội,HOSE,Ngân hàng,Ngân hàng,Ngân hàng
SHC,Công ty Cổ phần Hàng hải Sài Gòn,UPCOM,Công nghiệp,Hàng & Dịch vụ Công nghiệp,Vận tải
SHE,Công ty Cổ phần Phát triển Năng Lượng Sơn Hà,HNX,Hàng Tiêu dùng,Hàng cá nhân & Gia dụng,Hàng gia dụng
SHI,Công ty Cổ phần Quốc tế Sơn Hà,HOSE,Nguyên vật liệu,Tài nguyên Cơ bản,Kim loại
SHN,Công ty Cổ phần Đầu tư Tổng hợp Hà Nội,HNX,Nguyên vật liệu,Tài nguyên Cơ bản,Khai khoáng
SHP,Công ty Cổ phần Thủy điện Miền Nam,HOSE,Tiện ích Cộng đồng,"Điện, nước & xăng dầu khí đốt",Sản xuất & Phân phối Điện
SHS,Công ty Cổ phần Chứng khoán Sài Gòn - Hà Nội,HNX,Tài chính,Dịch vụ tài chính,Dịch vụ tài chính
SID,Công ty Cổ phần Đầu tư Phát triển Sài Gòn Co.op,UPCOM,Tài chính,Bất động sản,Bất động sản
SIG,Công ty Cổ phần Đầu tư và Thương mại Sông Đà,UPCOM,Công nghiệp,Xây dựng và Vật liệu,Xây dựng và Vật liệu
SII,Công ty Cổ phần Hạ tầng Nước Sài Gòn,UPCOM,Tiện ích Cộng đồng,"Điện, nước & xăng dầu khí đốt",Nước & Khí đốt
SIP,Công ty Cổ phần Đầu tư Sài Gòn VRG,HOSE,Tài chính,Bất động sản,Bất động sản
SIV,Công ty Cổ phần SIVICO,UPCOM,Công nghiệp,Xây dựng và Vật liệu,Xây dựng và Vật liệu
SJ1,Công ty Cổ phần Nông nghiệp Hùng Hậu,HNX,Hàng Tiêu dùng,Thực phẩm và đồ uống,Sản xuất thực phẩm
SJD,Công ty Cổ phần Thủy điện Cần Đơn,HOSE,Tiện ích Cộng đồng,"Điện, nước & xăng dầu khí đốt",Sản xuất & Phân phối Điện
SJE,Công ty Cổ phần Sông Đà 11,HNX,Công nghiệp,Xây dựng và Vật liệu,Xây dựng và Vật liệu
SJF,Công ty Cổ phần Đầu tư Sao Thái Dương,UPCOM,Nguyên vật liệu,Tài nguyên Cơ bản,Lâm nghiệp và Giấy
SJG,Tổng Công ty Sông Đà,UPCOM,Công nghiệp,Xây dựng và Vật liệu,Xây dựng và Vật liệu
SJM,Công ty Cổ phần Sunspace Holdings,UPCOM,Công nghiệp,Xây dựng và Vật liệu,Xây dựng và Vật liệu
SJS,Công ty Cổ phần SJ Group,HOSE,Tài chính,Bất động sản,Bất động sản
SKG,Công ty Cổ phần Tàu Cao tốc Superdong - Kiên Giang,HOSE,Dịch vụ Tiêu dùng,Du lịch và Giải trí,Du lịch & Giải trí
SKH,Công ty Cổ phần Nước giải khát Sanest Khánh Hòa,UPCOM,Hàng Tiêu dùng,Thực phẩm và đồ uống,Bia và đồ uống
SKN,Công ty Cổ phần Nước giải khát Sanna Khánh Hòa,UPCOM,Hàng Tiêu dùng,Thực phẩm và đồ uống,Bia và đồ uống
SKV,Công ty Cổ phần Nước Giải khát Yến sào Khánh Hòa,UPCOM,Hàng Tiêu dùng,Thực phẩm và đồ uống,Bia và đồ uống
SLD,Công ty Cổ phần Địa Ốc Sacom,UPCOM,Tài chính,Bất động sản,Bất động sản
SLS,Công ty Cổ phần Mía đường Sơn La,HNX,Hàng Tiêu dùng,Thực phẩm và đồ uống,Sản xuất thực phẩm
SMA,Công ty Cổ phần Thiết bị Phụ tùng Sài Gòn,HOSE,Tiện ích Cộng đồng,"Điện, nước & xăng dầu khí đốt",Sản xuất & Phân phối Điện
SMB,Công ty Cổ phần Bia Sài Gòn - Miền Trung,HOSE,Hàng Tiêu dùng,Thực phẩm và đồ uống,Bia và đồ uống
SMC,Công ty Cổ phần Đầu tư Thương mại SMC,HOSE,Nguyên vật liệu,Tài nguyên Cơ bản,Kim loại
SMN,Công ty Cổ phần Sách và thiết bị giáo dục Miền Nam,HNX,Dịch vụ Tiêu dùng,Truyền thông,Truyền thông
SMT,Công ty Cổ phần SAMETEL,HNX,Công nghệ Thông tin,Công nghệ Thông tin,Thiết bị và Phần cứng
SMV,Công ty Cổ phần Seoul Metal Việt Nam,UPCOM,Công nghiệp,Hàng & Dịch vụ Công nghiệp,Điện tử & Thiết bị điện
SNC,Công ty Cổ phần Xuất nhập khẩu Thủy sản Năm Căn,UPCOM,Hàng Tiêu dùng,Thực phẩm và đồ uống,Sản xuất thực phẩm
SNZ,Tổng Công ty Cổ phần Phát triển Khu Công nghiệp,UPCOM,Công nghiệp,Xây dựng và Vật liệu,Xây dựng và Vật liệu
SP2,Công ty Cổ phần Thủy điện Sử Pán 2,UPCOM,Tiện ích Cộng đồng,"Điện, nước & xăng dầu khí đốt",Sản xuất & Phân phối Điện
SPB,Công ty Cổ phần Sợi Phú Bài,UPCOM,Hàng Tiêu dùng,Hàng cá nhân & Gia dụng,Hàng cá nhân
SPC,Công ty Cổ phần Bảo vệ Thực vật Sài Gòn,HNX,Nguyên vật liệu,Hóa chất,Hóa chất
SPD,Công ty Cổ phần Xuất nhập khẩu Thủy sản Miền Trung,UPCOM,Hàng Tiêu dùng,Thực phẩm và đồ uống,Sản xuất thực phẩm
SPH,Công ty Cổ phần Xuất Nhập khẩu Thủy sản Hà Nội,UPCOM,Hàng Tiêu dùng,Thực phẩm và đồ uống,Sản xuất thực phẩm
SPI,Công ty Cổ phần Spiral Galaxy,UPCOM,Nguyên vật liệu,Tài nguyên Cơ bản,Khai khoáng
SPM,Công ty Cổ phần S.P.M,HOSE,Dược phẩm và Y tế,Y tế,Dược phẩm
SPV,Công ty Cổ phần Thủy Đặc Sản,UPCOM,Hàng Tiêu dùng,Thực phẩm và đồ uống,Sản xuất thực phẩm
SRA,Công ty Cổ phần SARA Việt Nam,HNX,Dược phẩm và Y tế,Y tế,Thiết bị và Dịch vụ Y tế
SRB,Công ty Cổ phần Tập đoàn Sara,UPCOM,Công nghệ Thông tin,Công nghệ Thông tin,Phần mềm & Dịch vụ Máy tính
SRC,Công ty Cổ phần Cao su Sao Vàng,HOSE,Hàng Tiêu dùng,Ô tô và phụ tùng,Ô tô và phụ tùng
SRF,Công ty Cổ phần Searefico,HOSE,Công nghiệp,Hàng & Dịch vụ Công nghiệp,Công nghiệp nặng
SSB,Ngân hàng Thương mại Cổ phần Đông Nam Á,HOSE,Ngân hàng,Ngân hàng,Ngân hàng
SSC,Công ty Cổ phần Giống cây trồng Miền Nam,HOSE,Hàng Tiêu dùng,Thực phẩm và đồ uống,Sản xuất thực phẩm
SSG,Công ty Cổ phần Vận tải Biển Hải Âu,UPCOM,Công nghiệp,Hàng & Dịch vụ Công nghiệp,Vận tải
SSH,Công ty Cổ phần Phát triển Sunshine Homes,UPCOM,Tài chính,Bất động sản,Bất động sản
SSI,Công ty Cổ phần Chứng khoán SSI,HOSE,Tài chính,Dịch vụ tài chính,Dịch vụ tài chính
SSM,Công ty Cổ phần Chế tạo kết cấu thép VNECO.SSM,HNX,Nguyên vật liệu,Tài nguyên Cơ bản,Kim loại
SST,Công ty Cổ phần Thương mại Bia Sài Gòn Sông Tiền,UPCOM,Hàng Tiêu dùng,Thực phẩm và đồ uống,Bia và đồ uống
ST8,Công ty Cổ phần Tập đoàn ST8,HOSE,Công nghệ Thông tin,Công nghệ Thông tin,Thiết bị và Phần cứng
STB,Ngân hàng Thương mại Cổ phần Sài Gòn Tài Lộc,HOSE,Ngân hàng,Ngân hàng,Ngân hàng
STC,Công ty Cổ phần Sách và Thiết bị trường học Thành phố Hồ Chí Minh,HNX,Dịch vụ Tiêu dùng,Truyền thông,Truyền thông
STD,Công ty Cổ phần Bia - Nước giải khát Sài Gòn - Tây Đô,UPCOM,Hàng Tiêu dùng,Thực phẩm và đồ uống,Bia và đồ uống
STG,Công ty Cổ phần Kho Vận Miền Nam,HOSE,Công nghiệp,Hàng & Dịch vụ Công nghiệp,Vận tải
STH,Công ty Cổ phần STH Holdings,UPCOM,Dịch vụ Tiêu dùng,Truyền thông,Truyền thông
STK,Công ty Cổ phần Sợi Thế Kỷ,HOSE,Hàng Tiêu dùng,Hàng cá nhân & Gia dụng,Hàng cá nhân
STP,Công ty Cổ phần Công nghiệp Thương mại Sông Đà,HNX,Công nghiệp,Hàng & Dịch vụ Công nghiệp,Hàng công nghiệp
STS,Công ty Cổ phần Dịch vụ vận tải Sài Gòn,UPCOM,Công nghiệp,Hàng & Dịch vụ Công nghiệp,Vận tải
STT,Công ty Cổ phần Vận chuyển Sài Gòn Tourist,UPCOM,Dịch vụ Tiêu dùng,Du lịch và Giải trí,Du lịch & Giải trí
STW,Công ty Cổ phần Cấp nước Sóc Trăng,UPCOM,Tiện ích Cộng đồng,"Điện, nước & xăng dầu khí đốt",Nước & Khí đốt
SVC,Công ty Cổ phần Dịch vụ tổng hợp Sài Gòn,HOSE,Hàng Tiêu dùng,Ô tô và phụ tùng,Ô tô và phụ tùng
SVD,Công ty Cổ phần Đầu tư & Thương mại Vũ Đăng,HOSE,Hàng Tiêu dùng,Hàng cá nhân & Gia dụng,Hàng cá nhân
SVG,Công ty Cổ phần Hơi kỹ nghệ Que hàn,UPCOM,Công nghiệp,Hàng & Dịch vụ Công nghiệp,Hàng công nghiệp
SVH,Công ty Cổ phần Thủy điện Sông Vàng,UPCOM,Tiện ích Cộng đồng,"Điện, nước & xăng dầu khí đốt",Sản xuất & Phân phối Điện
SVN,Công ty Cổ phần Tập đoàn Vexilla Việt Nam,HNX,Công nghiệp,Xây dựng và Vật liệu,Xây dựng và Vật liệu
SVT,Công ty Cổ phần Công nghệ Sài Gòn Viễn Đông,HOSE,Dịch vụ Tiêu dùng,Bán lẻ,Bán lẻ
SWC,Tổng Công ty Cổ phần Đường Sông Miền Nam,UPCOM,Công nghiệp,Hàng & Dịch vụ Công nghiệp,Vận tải
SZB,Công ty Cổ phần Sonadezi Long Bình,HNX,Tài chính,Bất động sản,Bất động sản
SZC,Công ty Cổ phần Sonadezi Châu Đức,HOSE,Tài chính,Bất động sản,Bất động sản
SZE,Công ty Cổ phần Môi trường Sonadezi,UPCOM,Công nghiệp,Hàng & Dịch vụ Công nghiệp,Tư vấn & Hỗ trợ Kinh doanh
SZG,Công ty Cổ phần Sonadezi Giang Điền,UPCOM,Tài chính,Bất động sản,Bất động sản
SZL,Công ty Cổ phần Sonadezi Long Thành,HOSE,Tài chính,Bất động sản,Bất động sản
TA6,Công ty Cổ phần Đầu tư và Xây lắp Thành An 665,UPCOM,Công nghiệp,Xây dựng và Vật liệu,Xây dựng và Vật liệu
TA9,Công ty Cổ phần Xây lắp Thành An 96,HNX,Công nghiệp,Xây dựng và Vật liệu,Xây dựng và Vật liệu
TAB,Công ty Cổ phần Freco Việt Nam,UPCOM,Công nghiệp,Hàng & Dịch vụ Công nghiệp,Vận tải
TAH,Công ty Cổ phần Thương mại Dịch vụ Giấy Thuận An,UPCOM,Nguyên vật liệu,Tài nguyên Cơ bản,Lâm nghiệp và Giấy
TAL,Công Ty Cổ Phần Đầu Tư Bất Động Sản Taseco,HOSE,Tài chính,Bất động sản,Bất động sản
TAR,Công ty Cổ phần Nông nghiệp Công nghệ cao Trung An,UPCOM,Hàng Tiêu dùng,Thực phẩm và đồ uống,Sản xuất thực phẩm
TAW,Công ty Cổ phần Cấp nước Trung An,UPCOM,Tiện ích Cộng đồng,"Điện, nước & xăng dầu khí đốt",Nước & Khí đốt
TBC,Công ty Cổ phần Thủy điện Thác Bà,HOSE,Tiện ích Cộng đồng,"Điện, nước & xăng dầu khí đốt",Sản xuất & Phân phối Điện
TBD,Tổng công ty Thiết bị điện Đông Anh - Công ty Cổ phần,UPCOM,Công nghiệp,Hàng & Dịch vụ Công nghiệp,Điện tử & Thiết bị điện
TBR,Công ty Cổ phần Địa ốc Tân Bình,UPCOM,Tài chính,Bất động sản,Bất động sản
TBW,Công ty cổ phần Nước sạch Thái Bình,UPCOM,Tiện ích Cộng đồng,"Điện, nước & xăng dầu khí đốt",Nước & Khí đốt
TCB,Ngân hàng Thương mại Cổ phần Kỹ thương Việt Nam,HOSE,Ngân hàng,Ngân hàng,Ngân hàng
TCD,Công ty cổ phần Tập đoàn Xây dựng Tracodi,UPCOM,Công nghiệp,Xây dựng và Vật liệu,Xây dựng và Vật liệu
TCH,Công ty Cổ phần Đầu tư Dịch vụ Tài chính Hoàng Huy,HOSE,Tài chính,Bất động sản,Bất động sản
TCI,Công ty Cổ phần Chứng khoán Thành Công,HOSE,Tài chính,Dịch vụ tài chính,Dịch vụ tài chính
TCJ,Công ty Cổ phần Tô Châu,UPCOM,Hàng Tiêu dùng,Thực phẩm và đồ uống,Sản xuất thực phẩm
TCK,Tổng Công ty Cơ khí Xây dựng - CTCP,UPCOM,Công nghiệp,Xây dựng và Vật liệu,Xây dựng và Vật liệu
TCL,Công ty Cổ phần Đại lý Giao nhận Vận tải Xếp dỡ Tân Cảng,HOSE,Công nghiệp,Hàng & Dịch vụ Công nghiệp,Vận tải
TCM,Công ty Cổ phần Dệt may - Đầu tư - Thương mại Thành Công,HOSE,Hàng Tiêu dùng,Hàng cá nhân & Gia dụng,Hàng cá nhân
TCO,Công ty Cổ phần Janus Group,HOSE,Hàng Tiêu dùng,Thực phẩm và đồ uống,Sản xuất thực phẩm
TCP,Công ty Cổ phần Kinh doanh Than Cẩm Phả - Vinacomin,UPCOM,Nguyên vật liệu,Tài nguyên Cơ bản,Khai khoáng
TCR,Công ty Cổ phần Công nghiệp Gốm sứ TAICERA,HOSE,Công nghiệp,Xây dựng và Vật liệu,Xây dựng và Vật liệu
TCT,Công ty Cổ phần Cáp treo Núi Bà Tây Ninh,HOSE,Dịch vụ Tiêu dùng,Du lịch và Giải trí,Du lịch & Giải trí
TCW,Công ty Cổ phần Kho Vận Tân Cảng,UPCOM,Công nghiệp,Hàng & Dịch vụ Công nghiệp,Vận tải
TCX,Công ty Cổ phần Chứng khoán Kỹ Thương,HOSE,Tài chính,Dịch vụ tài chính,Dịch vụ tài chính
TD6,Công ty Cổ Phần Than Đèo Nai - Cọc Sáu - TKV,HNX,Nguyên vật liệu,Tài nguyên Cơ bản,Khai khoáng
TDB,Công ty Cổ phần Thủy điện Định Bình,UPCOM,Tiện ích Cộng đồng,"Điện, nước & xăng dầu khí đốt",Sản xuất & Phân phối Điện
TDC,Công ty Cổ phần Kinh doanh và Phát triển Bình Dương,HOSE,Tài chính,Bất động sản,Bất động sản
TDF,Công ty Cổ phần Trung Đô,UPCOM,Công nghiệp,Xây dựng và Vật liệu,Xây dựng và Vật liệu
TDG,Công ty Cổ phần Đầu tư TDG Global,HOSE,Tiện ích Cộng đồng,"Điện, nước & xăng dầu khí đốt",Nước & Khí đốt
TDH,Công ty Cổ phần Phát triển Nhà Thủ Đức,HOSE,Tài chính,Bất động sản,Bất động sản
TDM,Công ty Cổ phần Nước Thủ Dầu Một,HOSE,Tiện ích Cộng đồng,"Điện, nước & xăng dầu khí đốt",Nước & Khí đốt
TDP,Công ty Cổ phần Thuận Đức,HOSE,Công nghiệp,Hàng & Dịch vụ Công nghiệp,Hàng công nghiệp
TDS,Công ty Cổ phần Thép Thủ Đức - VNSTEEL,UPCOM,Nguyên vật liệu,Tài nguyên Cơ bản,Kim loại
TDT,Công ty Cổ phần Đầu tư và Phát triển TDT,HNX,Hàng Tiêu dùng,Hàng cá nhân & Gia dụng,Hàng cá nhân
TDW,Công ty Cổ phần Cấp nước Thủ Đức,HOSE,Tiện ích Cộng đồng,"Điện, nước & xăng dầu khí đốt",Nước & Khí đốt
TED,Tổng Công ty Tư vấn Thiết kế Giao thông Vận tải - CTCP,UPCOM,Công nghiệp,Xây dựng và Vật liệu,Xây dựng và Vật liệu
TEG,Công ty Cổ phần Trường Thành Energy Group,HOSE,Tài chính,Bất động sản,Bất động sản
TET,Công ty Cổ phần Bất động sản Pristie,HNX,Hàng Tiêu dùng,Hàng cá nhân & Gia dụng,Hàng cá nhân
TFC,Công ty Cổ phần Trang,HNX,Hàng Tiêu dùng,Thực phẩm và đồ uống,Sản xuất thực phẩm
TGG,Công ty Cổ phần The Golden Group,UPCOM,Công nghiệp,Xây dựng và Vật liệu,Xây dựng và Vật liệu
TGP,Công ty Cổ phần Trường Phú,UPCOM,Công nghiệp,Hàng & Dịch vụ Công nghiệp,Điện tử & Thiết bị điện
TH1,Công ty Cổ phần Xuất nhập khẩu Tổng hợp I Việt Nam,UPCOM,Dịch vụ Tiêu dùng,Bán lẻ,Phân phối thực phẩm & dược phẩm
THB,Công ty Cổ phần Bia Hà Nội - Thanh Hóa,HNX,Hàng Tiêu dùng,Thực phẩm và đồ uống,Bia và đồ uống
THD,Công ty Cổ phần Thaiholdings,HNX,Tài chính,Bất động sản,Bất động sản
THG,Công ty Cổ phần Đầu tư và Xây dựng Tiền Giang,HOSE,Công nghiệp,Xây dựng và Vật liệu,Xây dựng và Vật liệu
THM,Công ty Cổ phần Tứ Hải Hà Nam,UPCOM,Hàng Tiêu dùng,Hàng cá nhân & Gia dụng,Hàng cá nhân
THN,Công ty Cổ phần Cấp nước Thanh Hóa,UPCOM,Tiện ích Cộng đồng,"Điện, nước & xăng dầu khí đốt",Nước & Khí đốt
THO,Công ty Cổ phần Đầu Tư và Xây Lắp Tây Hồ,UPCOM,Công nghiệp,Xây dựng và Vật liệu,Xây dựng và Vật liệu
THP,Công ty Cổ phần Thủy sản và Thương mại Thuận Phước,UPCOM,Hàng Tiêu dùng,Thực phẩm và đồ uống,Sản xuất thực phẩm
THS,Công ty Cổ phần Thanh Hoa Sông Đà,HNX,Dịch vụ Tiêu dùng,Bán lẻ,Bán lẻ
THT,Công ty Cổ phần Than Hà Tu - Vinacomin,HNX,Nguyên vật liệu,Tài nguyên Cơ bản,Khai khoáng
THU,Công ty Cổ phần Môi trường và Công trình đô thị Thanh Hóa,UPCOM,Công nghiệp,Hàng & Dịch vụ Công nghiệp,Tư vấn & Hỗ trợ Kinh doanh
THW,Công ty Cổ phần Cấp nước Tân Hòa,UPCOM,Tiện ích Cộng đồng,"Điện, nước & xăng dầu khí đốt",Nước & Khí đốt
TID,Công ty Cổ phần Tổng Công ty Tín Nghĩa,UPCOM,Tài chính,Bất động sản,Bất động sản
TIE,Công ty Cổ phần TIE,UPCOM,Công nghiệp,Hàng & Dịch vụ Công nghiệp,Điện tử & Thiết bị điện
TIG,Công ty Cổ phần Tập đoàn Đầu tư Thăng Long,HNX,Tài chính,Bất động sản,Bất động sản
TIN,Công ty Tài chính Tổng hợp cổ phần Tín Việt,UPCOM,Tài chính,Dịch vụ tài chính,Dịch vụ tài chính
TIP,Công ty Cổ phần Phát triển Khu công nghiệp Tín Nghĩa,HOSE,Tài chính,Bất động sản,Bất động sản
TIS,Công ty Cổ phần Gang thép Thái Nguyên,UPCOM,Nguyên vật liệu,Tài nguyên Cơ bản,Kim loại
TIX,Công ty Cổ phần Sản xuất Kinh doanh Xuất nhập khẩu Dịch vụ và Đầu tư Tân Bình,HOSE,Tài chính,Bất động sản,Bất động sản
TJC,Công ty Cổ phần Dịch vụ Vận tải và Thương mại,HNX,Công nghiệp,Hàng & Dịch vụ Công nghiệp,Vận tải
TKA,Công ty Cổ phần Bao bì Tân Khánh An,UPCOM,Công nghiệp,Hàng & Dịch vụ Công nghiệp,Hàng công nghiệp
TKD,Công ty Cổ phần Tư vấn Thiết kế Đường bộ,UPCOM,Công nghiệp,Hàng & Dịch vụ Công nghiệp,Tư vấn & Hỗ trợ Kinh doanh
TKU,Công ty Cổ phần Công nghiệp Tung Kuang,HNX,Nguyên vật liệu,Tài nguyên Cơ bản,Kim loại
TL4,Tổng Công ty Xây dựng Thủy lợi 4 - Công ty Cổ phần,UPCOM,Công nghiệp,Xây dựng và Vật liệu,Xây dựng và Vật liệu
TLD,Công ty Cổ phần Đầu tư Xây dựng và Phát triển Đô thị Thăng Long,HOSE,Công nghiệp,Xây dựng và Vật liệu,Xây dựng và Vật liệu
TLG,Công ty Cổ phần Tập đoàn Thiên Long,HOSE,Hàng Tiêu dùng,Hàng cá nhân & Gia dụng,Hàng gia dụng
TLH,Công ty Cổ phần Tập đoàn Thép Tiến Lên,HOSE,Nguyên vật liệu,Tài nguyên Cơ bản,Kim loại
TLP,Tổng Công ty Thương mại Xuất nhập khẩu Thanh Lễ - CTCP,UPCOM,Tiện ích Cộng đồng,"Điện, nước & xăng dầu khí đốt",Nước & Khí đốt
TMB,Công ty Cổ phần Kinh doanh Than Miền Bắc - Vinacomin,HNX,Nguyên vật liệu,Tài nguyên Cơ bản,Khai khoáng
TMC,Công ty Cổ phần Thương mại Xuất nhập khẩu Thủ Đức,HNX,Tiện ích Cộng đồng,"Điện, nước & xăng dầu khí đốt",Nước & Khí đốt
TMG,Công ty Cổ phần Kim loại màu Thái Nguyên - Vimico,UPCOM,Nguyên vật liệu,Tài nguyên Cơ bản,Kim loại
TMP,Công ty Cổ phần Thủy điện Thác Mơ,HOSE,Tiện ích Cộng đồng,"Điện, nước & xăng dầu khí đốt",Sản xuất & Phân phối Điện
TMS,Công ty Cổ phần Transimex,HOSE,Công nghiệp,Hàng & Dịch vụ Công nghiệp,Vận tải
TMT,Công ty Cổ phần Ô tô TMT,HOSE,Hàng Tiêu dùng,Ô tô và phụ tùng,Ô tô và phụ tùng
TMW,Công ty Cổ phần Tổng hợp Gỗ Tân Mai,UPCOM,Nguyên vật liệu,Tài nguyên Cơ bản,Lâm nghiệp và Giấy
TMX,Công ty Cổ phần VICEM Thương mại Xi măng,HNX,Công nghiệp,Xây dựng và Vật liệu,Xây dựng và Vật liệu
TN1,Công ty Cổ phần Rox Key Holdings,HOSE,Tài chính,Bất động sản,Bất động sản
TNA,Công ty Cổ phần Thương mại Xuất nhập khẩu Thiên Nam,UPCOM,Nguyên vật liệu,Tài nguyên Cơ bản,Kim loại
TNB,Công ty Cổ phần Thép Nhà Bè - VNSTEEL,UPCOM,Nguyên vật liệu,Tài nguyên Cơ bản,Kim loại
TNC,Công ty Cổ phần Cao su Thống Nhất,HOSE,Nguyên vật liệu,Hóa chất,Hóa chất
TNG,Công ty Cổ phần Đầu tư và Thương mại TNG,HNX,Hàng Tiêu dùng,Hàng cá nhân & Gia dụng,Hàng cá nhân
TNH,Công ty Cổ phần Tập đoàn Bệnh viện TNH,HOSE,Dược phẩm và Y tế,Y tế,Thiết bị và Dịch vụ Y tế
TNI,Công ty Cổ phần Tập đoàn Thành Nam,HOSE,Nguyên vật liệu,Tài nguyên Cơ bản,Kim loại
TNP,Công ty Cổ phần Cảng Thị Nại,UPCOM,Công nghiệp,Hàng & Dịch vụ Công nghiệp,Vận tải
TNS,Công ty Cổ phần Thép tấm lá Thống Nhất,UPCOM,Nguyên vật liệu,Tài nguyên Cơ bản,Kim loại
TNT,Công ty Cổ phần Tập đoàn TNT,HOSE,Công nghiệp,Xây dựng và Vật liệu,Xây dựng và Vật liệu
TNW,Công ty Cổ phần Nước sạch Thái Nguyên,UPCOM,Tiện ích Cộng đồng,"Điện, nước & xăng dầu khí đốt",Nước & Khí đốt
TOP,Công ty Cổ phần Phân phối Top One,UPCOM,Dịch vụ Tiêu dùng,Bán lẻ,Bán lẻ
TOS,Công ty Cổ phần Dịch vụ biển Tân Cảng,UPCOM,Dầu khí,Dầu khí,"Thiết bị, Dịch vụ và Phân phối Dầu khí"
TOT,Công ty Cổ phần Transimex Logistics,HNX,Công nghiệp,Hàng & Dịch vụ Công nghiệp,Vận tải
TOW,Công ty Cổ phần Cấp nước Trà Nóc - Ô Môn,UPCOM,Tiện ích Cộng đồng,"Điện, nước & xăng dầu khí đốt",Nước & Khí đốt
TPB,Ngân hàng Thương mại Cổ phần Tiên Phong,HOSE,Ngân hàng,Ngân hàng,Ngân hàng
TPC,Công ty Cổ phần Nhựa Tân Đại Hưng,HOSE,Nguyên vật liệu,Hóa chất,Hóa chất
TPP,Công ty Cổ phần Tân Phú Việt Nam,HNX,Công nghiệp,Hàng & Dịch vụ Công nghiệp,Hàng công nghiệp
TPS,Công ty Cổ phần Bến bãi vận tải Sài Gòn,UPCOM,Dịch vụ Tiêu dùng,Du lịch và Giải trí,Du lịch & Giải trí
TQW,Công ty Cổ phần Cấp thoát nước Tuyên Quang,UPCOM,Tiện ích Cộng đồng,"Điện, nước & xăng dầu khí đốt",Nước & Khí đốt
TR1,Công ty Cổ phần Vận Tải 1 Traco,UPCOM,Công nghiệp,Hàng & Dịch vụ Công nghiệp,Vận tải
TRA,Công ty Cổ phần Traphaco,HOSE,Dược phẩm và Y tế,Y tế,Dược phẩm
TRC,Công ty Cổ phần Cao su Tây Ninh,HOSE,Nguyên vật liệu,Hóa chất,Hóa chất
TRS,Công ty Cổ phần Vận tải và Dịch vụ Hàng Hải,UPCOM,Công nghiệp,Hàng & Dịch vụ Công nghiệp,Vận tải
TRT,Công ty Cổ phần RedstarCera,UPCOM,Công nghiệp,Xây dựng và Vật liệu,Xây dựng và Vật liệu
TRV,Công ty Cổ Phần Vận tải Đường sắt,UPCOM,Công nghiệp,Hàng & Dịch vụ Công nghiệp,Vận tải
TS3,Công ty Cổ phần Trường Sơn 532,UPCOM,Công nghiệp,Xây dựng và Vật liệu,Xây dựng và Vật liệu
TSA,Công ty Cổ Phần Đầu Tư Và Xây Lắp Trường Sơn,HOSE,Công nghiệp,Xây dựng và Vật liệu,Xây dựng và Vật liệu
TSB,Công ty Cổ phần Ắc quy Tia Sáng,HNX,Công nghiệp,Hàng & Dịch vụ Công nghiệp,Điện tử & Thiết bị điện
TSC,Công ty Cổ phần Vật tư Kỹ thuật Nông nghiệp Cần Thơ,HOSE,Nguyên vật liệu,Hóa chất,Hóa chất
TSD,Công ty Cổ phần Du lịch Trường Sơn Coecco,UPCOM,Dịch vụ Tiêu dùng,Du lịch và Giải trí,Du lịch & Giải trí
TSG,Công ty Cổ phần Thông tin Tín hiệu Đường sắt Sài Gòn,UPCOM,Công nghiệp,Hàng & Dịch vụ Công nghiệp,Vận tải
TSJ,Công ty Cổ phần Du lịch Dịch vụ Hà Nội,UPCOM,Dịch vụ Tiêu dùng,Du lịch và Giải trí,Du lịch & Giải trí
TST,Công ty Cổ phần Dịch vụ Kỹ thuật Viễn thông,UPCOM,Công nghệ Thông tin,Công nghệ Thông tin,Phần mềm & Dịch vụ Máy tính
TT6,Công ty Cổ Phần Tập Đoàn Tiến Thịnh,UPCOM,Hàng Tiêu dùng,Thực phẩm và đồ uống,Sản xuất thực phẩm
TTA,Công ty Cổ phần Đầu tư Xây dựng và Phát triển Trường Thành,HOSE,Tiện ích Cộng đồng,"Điện, nước & xăng dầu khí đốt",Sản xuất & Phân phối Điện
TTB,Công ty Cổ phần TTBGROUP,UPCOM,Công nghiệp,Xây dựng và Vật liệu,Xây dựng và Vật liệu
TTC,Công ty Cổ phần Gạch men Thanh Thanh,HNX,Công nghiệp,Xây dựng và Vật liệu,Xây dựng và Vật liệu
TTD,Công ty Cổ phần Bệnh viện Tim Tâm Đức,UPCOM,Dược phẩm và Y tế,Y tế,Thiết bị và Dịch vụ Y tế
TTE,Công ty Cổ phần Đầu tư Năng lượng Trường Thịnh,HOSE,Tiện ích Cộng đồng,"Điện, nước & xăng dầu khí đốt",Sản xuất & Phân phối Điện
TTF,Công ty Cổ phần Tập đoàn Kỹ nghệ Gỗ Trường Thành,HOSE,Nguyên vật liệu,Tài nguyên Cơ bản,Lâm nghiệp và Giấy
TTG,Công ty Cổ phần Royal Healthtech TTG,UPCOM,Hàng Tiêu dùng,Hàng cá nhân & Gia dụng,Hàng cá nhân
TTH,Công ty Cổ phần Thương mại và Dịch vụ Tiến Thành,HNX,Nguyên vật liệu,Tài nguyên Cơ bản,Kim loại
TTL,Tổng Công ty Thăng Long - Công ty Cổ phần,HNX,Công nghiệp,Xây dựng và Vật liệu,Xây dựng và Vật liệu
TTN,Công ty Cổ phần Công nghệ & Truyền thông Việt Nam,UPCOM,Viễn thông,Viễn thông,Viễn thông cố định
TTS,Công ty Cổ phần Cán thép Thái Trung,UPCOM,Nguyên vật liệu,Tài nguyên Cơ bản,Kim loại
TTT,Công ty Cổ phần Du Lịch - Thương Mại Tây Ninh,HNX,Dịch vụ Tiêu dùng,Du lịch và Giải trí,Du lịch & Giải trí
TTZ,Công ty Cổ phần Đầu tư Xây dựng và Công nghệ Tiến Trung,UPCOM,Công nghiệp,Xây dựng và Vật liệu,Xây dựng và Vật liệu
TUG,Công ty Cổ phần Lai dắt và Vận tải Cảng Hải Phòng,UPCOM,Công nghiệp,Hàng & Dịch vụ Công nghiệp,Vận tải
TV1,Công ty Cổ phần Tư vấn Xây dựng Điện 1,UPCOM,Công nghiệp,Hàng & Dịch vụ Công nghiệp,Tư vấn & Hỗ trợ Kinh doanh
TV2,Công ty Cổ phần Tư vấn Xây dựng Điện 2,HOSE,Công nghiệp,Hàng & Dịch vụ Công nghiệp,Tư vấn & Hỗ trợ Kinh doanh
TV3,Công ty Cổ phần Tư vấn Xây dựng Điện 3,HNX,Công nghiệp,Hàng & Dịch vụ Công nghiệp,Tư vấn & Hỗ trợ Kinh doanh
TV4,Công ty Cổ phần Tư vấn Xây dựng Điện 4,HNX,Công nghiệp,Hàng & Dịch vụ Công nghiệp,Tư vấn & Hỗ trợ Kinh doanh
TV6,Công ty Cổ phần Tập đoàn EMA LAND,UPCOM,Tài chính,Bất động sản,Bất động sản
TVA,Công ty cổ phần Sứ Viglacera Thanh Trì,UPCOM,Công nghiệp,Xây dựng và Vật liệu,Xây dựng và Vật liệu
TVB,Công ty Cổ phần Chứng khoán T-Cap,HOSE,Tài chính,Dịch vụ tài chính,Dịch vụ tài chính
TVC,Công ty Cổ phần Tập đoàn Quản lý tài sản T-Corp,HNX,Tài chính,Dịch vụ tài chính,Dịch vụ tài chính
TVD,Công ty Cổ phần Than Vàng Danh - Vinacomin,HNX,Nguyên vật liệu,Tài nguyên Cơ bản,Khai khoáng
TVG,Công ty Cổ phần Tư vấn Đầu tư và Xây dựng Giao thông Vận tải,UPCOM,Công nghiệp,Xây dựng và Vật liệu,Xây dựng và Vật liệu
TVH,Công ty Cổ phần Tư vấn Xây dựng công trình Hàng hải,UPCOM,Công nghiệp,Xây dựng và Vật liệu,Xây dựng và Vật liệu
TVM,Công ty Cổ phần Tư vấn đầu tư Mỏ và công nghiệp - Vinacomin,UPCOM,Công nghiệp,Hàng & Dịch vụ Công nghiệp,Tư vấn & Hỗ trợ Kinh doanh
TVN,Tổng Công ty Thép Việt Nam - Công ty Cổ phần,UPCOM,Nguyên vật liệu,Tài nguyên Cơ bản,Kim loại
TVS,Công ty Cổ phần Chứng khoán Thiên Việt,HOSE,Tài chính,Dịch vụ tài chính,Dịch vụ tài chính
TVT,Tổng Công ty Việt Thắng - CTCP,HOSE,Hàng Tiêu dùng,Hàng cá nhân & Gia dụng,Hàng cá nhân
TW3,Công ty Cổ phần Dược Trung Ương 3,UPCOM,Dược phẩm và Y tế,Y tế,Dược phẩm
TXM,Công ty Cổ phần VICEM Thạch cao Xi Măng,HNX,Công nghiệp,Xây dựng và Vật liệu,Xây dựng và Vật liệu
TYA,Công ty Cổ phần Dây và Cáp điện Taya Việt Nam,HOSE,Công nghiệp,Hàng & Dịch vụ Công nghiệp,Điện tử & Thiết bị điện
UCT,Công ty Cổ phần Đô thị Cần Thơ,UPCOM,Công nghiệp,Hàng & Dịch vụ Công nghiệp,Tư vấn & Hỗ trợ Kinh doanh
UDC,Công ty Cổ phần Đầu tư Xây dựng UDCons,UPCOM,Công nghiệp,Xây dựng và Vật liệu,Xây dựng và Vật liệu
UDJ,Công ty Cổ phần Phát triển Đô thị,UPCOM,Công nghiệp,Xây dựng và Vật liệu,Xây dựng và Vật liệu
UDL,Công ty Cổ phần Đô thị và Môi trường Đắk Lắk,UPCOM,Công nghiệp,Hàng & Dịch vụ Công nghiệp,Tư vấn & Hỗ trợ Kinh doanh
UEM,Công ty Cổ phần Cơ điện Uông Bí - Vinacomin,UPCOM,Công nghiệp,Hàng & Dịch vụ Công nghiệp,Công nghiệp nặng
UIC,Công ty Cổ phần Đầu tư Phát triển Nhà và Đô thị IDICO,HOSE,Tiện ích Cộng đồng,"Điện, nước & xăng dầu khí đốt",Sản xuất & Phân phối Điện
ULG,Công ty Cổ Phần Logistics U&I,UPCOM,Công nghiệp,Hàng & Dịch vụ Công nghiệp,Vận tải
UMC,Công ty Cổ phần Công trình đô thị Nam Định,UPCOM,Công nghiệp,Xây dựng và Vật liệu,Xây dựng và Vật liệu
UNI,Công ty Cổ phần Đầu tư và Phát triển Sao Mai Việt,HNX,Công nghệ Thông tin,Công nghệ Thông tin,Phần mềm & Dịch vụ Máy tính
UPC,Công ty Cổ phần Phát triển Công viên Cây xanh và Đô thị Vũng Tàu,UPCOM,Tiện ích Cộng đồng,"Điện, nước & xăng dầu khí đốt",Nước & Khí đốt
UPH,Công ty Cổ phần Dược phẩm TW25,UPCOM,Dược phẩm và Y tế,Y tế,Dược phẩm
UPS,Công ty Cổ phần Chứng khoán UP,UPCOM,Tài chính,Dịch vụ tài chính,Dịch vụ tài chính
USC,Công ty Cổ phần Khảo sát và Xây dựng - USCO,UPCOM,Công nghiệp,Xây dựng và Vật liệu,Xây dựng và Vật liệu
USD,Công ty Cổ phần Công trình Đô thị Sóc Trăng,UPCOM,Công nghiệp,Hàng & Dịch vụ Công nghiệp,Tư vấn & Hỗ trợ Kinh doanh
UTT,Công ty Cổ phần Môi trường Nam Thành,UPCOM,Công nghiệp,Hàng & Dịch vụ Công nghiệp,Tư vấn & Hỗ trợ Kinh doanh
UXC,Công ty Cổ phần Chế biến Thủy sản Út Xi,UPCOM,Hàng Tiêu dùng,Thực phẩm và đồ uống,Sản xuất thực phẩm
V12,Công ty Cổ phần Xây dựng số 12,HNX,Công nghiệp,Xây dựng và Vật liệu,Xây dựng và Vật liệu
V21,Công ty Cổ phần Vinaconex 21,HNX,Tài chính,Bất động sản,Bất động sản
V45,Công ty Cổ phần Đầu tư và Xây dựng số 45,UPCOM,Công nghiệp,Xây dựng và Vật liệu,Xây dựng và Vật liệu
V68,Công ty Cổ phần Đầu tư Sản xuất và Thương mại Tuấn Anh,UPCOM,Nguyên vật liệu,Hóa chất,Hóa chất
VAB,Ngân hàng Thương mại Cổ phần Việt Á,HOSE,Ngân hàng,Ngân hàng,Ngân hàng
VAF,Công ty Cổ phần Phân lân nung chảy Văn Điển,UPCOM,Nguyên vật liệu,Hóa chất,Hóa chất
VAV,Công ty Cổ phần VIWACO,UPCOM,Tiện ích Cộng đồng,"Điện, nước & xăng dầu khí đốt",Nước & Khí đốt
VBB,Ngân hàng Thương mại Cổ phần Việt Nam Thương Tín,HOSE,Ngân hàng,Ngân hàng,Ngân hàng
VBC,"Công ty Cổ phần Nhựa, Bao bì Vinh",HNX,Công nghiệp,Hàng & Dịch vụ Công nghiệp,Hàng công nghiệp
VBG,Công ty Cổ phần Địa chất Việt Bắc - TKV,UPCOM,Nguyên vật liệu,Tài nguyên Cơ bản,Khai khoáng
VBH,Công ty Cổ phần Điện tử Bình Hòa,UPCOM,Công nghiệp,Hàng & Dịch vụ Công nghiệp,Điện tử & Thiết bị điện
VBT,Công ty Cổ phần Vận tải Bảo Thắng,UPCOM,Công nghiệp,Hàng & Dịch vụ Công nghiệp,Vận tải
VC1,Công ty Cổ phần Xây dựng số 1,HNX,Công nghiệp,Xây dựng và Vật liệu,Xây dựng và Vật liệu
VC2,Công ty Cổ phần Đầu tư và Xây dựng VINA2,HNX,Công nghiệp,Xây dựng và Vật liệu,Xây dựng và Vật liệu
VC3,Công ty Cổ phần Tập đoàn Nam Mê Kông,HNX,Tài chính,Bất động sản,Bất động sản
VC6,Công ty cổ phần Xây dựng và Đầu tư Visicons,HNX,Công nghiệp,Xây dựng và Vật liệu,Xây dựng và Vật liệu
VC7,Công ty Cổ phần Tập đoàn BGI,HNX,Công nghiệp,Xây dựng và Vật liệu,Xây dựng và Vật liệu
VC9,Công ty Cổ phần Xây dựng số 9 - VC9,HNX,Công nghiệp,Xây dựng và Vật liệu,Xây dựng và Vật liệu
VCA,Công ty Cổ phần Thép VICASA,HOSE,Nguyên vật liệu,Tài nguyên Cơ bản,Kim loại
VCB,Ngân hàng Thương mại Cổ phần Ngoại thương Việt Nam,HOSE,Ngân hàng,Ngân hàng,Ngân hàng
VCC,Công ty Cổ phần Vinaconex 25,HNX,Công nghiệp,Xây dựng và Vật liệu,Xây dựng và Vật liệu
VCE,Công ty Cổ phần Xây lắp Môi trường,UPCOM,Công nghiệp,Xây dựng và Vật liệu,Xây dựng và Vật liệu
VCF,Công ty Cổ phần VinaCafé Biên Hòa,HOSE,Hàng Tiêu dùng,Thực phẩm và đồ uống,Bia và đồ uống
VCG,Tổng Công ty Cổ phần Xuất nhập khẩu và Xây dựng Việt Nam,HOSE,Công nghiệp,Xây dựng và Vật liệu,Xây dựng và Vật liệu
VCI,Công ty Cổ phần Chứng khoán Vietcap,HOSE,Tài chính,Dịch vụ tài chính,Dịch vụ tài chính
VCK,Công ty Cổ phần Chứng Khoán VPS,HOSE,Tài chính,Dịch vụ tài chính,Dịch vụ tài chính
VCM,Công ty Cổ phần BV Life,HNX,Công nghiệp,Hàng & Dịch vụ Công nghiệp,Công nghiệp nặng
VCP,Công ty Cổ phần Xây dựng và Năng lượng VCP,UPCOM,Tiện ích Cộng đồng,"Điện, nước & xăng dầu khí đốt",Sản xuất & Phân phối Điện
VCR,Công ty Cổ phần Đầu tư và Phát triển Du lịch ITC,UPCOM,Tài chính,Bất động sản,Bất động sản
VCS,Công ty Cổ phần VICOSTONE,HNX,Công nghiệp,Xây dựng và Vật liệu,Xây dựng và Vật liệu
VCT,Công ty Cổ phần Tư vấn Xây dựng Vinaconex,UPCOM,Công nghiệp,Hàng & Dịch vụ Công nghiệp,Tư vấn & Hỗ trợ Kinh doanh
VCX,Công ty Cổ phần Xi măng Yên Bình,UPCOM,Công nghiệp,Xây dựng và Vật liệu,Xây dựng và Vật liệu
VDB,Công ty Cổ phần Vận tải và Chế biến Than Đông Bắc,UPCOM,Nguyên vật liệu,Tài nguyên Cơ bản,Khai khoáng
VDG,Công ty Cổ phần Vạn Đạt Group,UPCOM,Hàng Tiêu dùng,Hàng cá nhân & Gia dụng,Hàng cá nhân
VDL,Công ty Cổ phần Thực phẩm Lâm Đồng,HNX,Hàng Tiêu dùng,Thực phẩm và đồ uống,Bia và đồ uống
VDN,Công ty Cổ phần Vinatex Đà Nẵng,UPCOM,Hàng Tiêu dùng,Hàng cá nhân & Gia dụng,Hàng cá nhân
VDP,Công ty Cổ phần Dược phẩm Trung ương VIDIPHA,HOSE,Dược phẩm và Y tế,Y tế,Dược phẩm
VDS,Công ty Cổ phần Chứng khoán Rồng Việt,HOSE,Tài chính,Dịch vụ tài chính,Dịch vụ tài chính
VDT,Công ty Cổ phần Lưới thép Bình Tây,UPCOM,Nguyên vật liệu,Tài nguyên Cơ bản,Kim loại
VE1,Công ty Cổ phần Xây dựng điện VNECO 1,HNX,Công nghiệp,Xây dựng và Vật liệu,Xây dựng và Vật liệu
VE3,Công ty Cổ phần Xây dựng điện VNECO 3,HNX,Công nghiệp,Xây dựng và Vật liệu,Xây dựng và Vật liệu
VE4,Công ty Cổ phần Xây dựng điện VNECO4,HNX,Công nghiệp,Xây dựng và Vật liệu,Xây dựng và Vật liệu
VE8,Công ty Cổ phần Xây dựng Điện Vneco 8,UPCOM,Công nghiệp,Xây dựng và Vật liệu,Xây dựng và Vật liệu
VE9,Công ty Cổ phần Đầu tư và Xây dựng VNECO 9,UPCOM,Công nghiệp,Xây dựng và Vật liệu,Xây dựng và Vật liệu
VEA,Tổng Công ty Máy động lực và Máy nông nghiệp Việt Nam - CTCP,UPCOM,Công nghiệp,Hàng & Dịch vụ Công nghiệp,Công nghiệp nặng
VEC,Tổng Công ty Cổ phần Điện tử và Tin học Việt Nam,UPCOM,Công nghệ Thông tin,Công nghệ Thông tin,Thiết bị và Phần cứng
VEF,Công ty Cổ phần Trung tâm Hội chợ Triển lãm Việt Nam,UPCOM,Tài chính,Bất động sản,Bất động sản
VES,Công ty Cổ phần Tập đoàn VinaLiving,UPCOM,Tài chính,Bất động sản,Bất động sản
VET,Công ty Cổ phần Thuốc Thú y Trung ương NAVETCO,UPCOM,Nguyên vật liệu,Hóa chất,Hóa chất
VFC,Công ty Cổ phần VINAFCO,UPCOM,Công nghiệp,Hàng & Dịch vụ Công nghiệp,Vận tải
VFG,Công ty Cổ phần Khử trùng Việt Nam,HOSE,Nguyên vật liệu,Hóa chất,Hóa chất
VFR,Công ty Cổ phần Vận tải và Thuê tàu,UPCOM,Công nghiệp,Hàng & Dịch vụ Công nghiệp,Vận tải
VFS,Công ty Cổ phần Chứng khoán Nhất Việt,HNX,Tài chính,Dịch vụ tài chính,Dịch vụ tài chính
VGC,Tổng Công ty Viglacera - Công ty Cổ phần,HOSE,Công nghiệp,Xây dựng và Vật liệu,Xây dựng và Vật liệu
VGG,Tổng Công Ty Cổ phần May Việt Tiến,UPCOM,Hàng Tiêu dùng,Hàng cá nhân & Gia dụng,Hàng cá nhân
VGI,Tổng Công ty Cổ phần Đầu tư Quốc tế Viettel,UPCOM,Viễn thông,Viễn thông,Viễn thông di động
VGL,Công ty Cổ phần Mạ kẽm công nghiệp Vingal-Vnsteel,UPCOM,Nguyên vật liệu,Tài nguyên Cơ bản,Kim loại
VGP,Công ty Cổ phần Cảng Rau Quả,HNX,Công nghiệp,Hàng & Dịch vụ Công nghiệp,Vận tải
VGR,Công ty Cổ phần Cảng xanh VIP,UPCOM,Công nghiệp,Hàng & Dịch vụ Công nghiệp,Vận tải
VGS,Công ty Cổ phần Ống thép Việt - Đức VG PIPE,HNX,Nguyên vật liệu,Tài nguyên Cơ bản,Kim loại
VGT,Tập đoàn Dệt May Việt Nam,UPCOM,Hàng Tiêu dùng,Hàng cá nhân & Gia dụng,Hàng cá nhân
VGV,Tổng Công ty Tư vấn Xây dựng Việt Nam - CTCP,UPCOM,Tài chính,Bất động sản,Bất động sản
VHC,Công ty Cổ phần Vĩnh Hoàn,HOSE,Hàng Tiêu dùng,Thực phẩm và đồ uống,Sản xuất thực phẩm
VHD,Công ty Cổ phần Đầu tư phát triển nhà và đô thị VINAHUD,UPCOM,Tài chính,Bất động sản,Bất động sản
VHE,Công ty Cổ phần Dược liệu và Thực phẩm Việt Nam,HNX,Dược phẩm và Y tế,Y tế,Dược phẩm
VHF,Công ty Cổ phần Xây dựng và Chế biến lương thực Vĩnh Hà,UPCOM,Hàng Tiêu dùng,Thực phẩm và đồ uống,Sản xuất thực phẩm
VHG,Công ty Cổ phần Đầu tư và Phát triển Việt Trung Nam,UPCOM,Công nghiệp,Hàng & Dịch vụ Công nghiệp,Hàng công nghiệp
VHH,Công ty Cổ phần Đầu tư Kinh doanh nhà Thành Đạt,UPCOM,Công nghiệp,Xây dựng và Vật liệu,Xây dựng và Vật liệu
VHL,Công ty Cổ phần Viglacera Hạ Long,HNX,Công nghiệp,Xây dựng và Vật liệu,Xây dựng và Vật liệu
VHM,Công ty Cổ phần Vinhomes,HOSE,Tài chính,Bất động sản,Bất động sản
VIB,Ngân hàng Thương mại Cổ phần Quốc tế Việt Nam,HOSE,Ngân hàng,Ngân hàng,Ngân hàng
VIC,Tập đoàn Vingroup - Công ty CP,HOSE,Tài chính,Bất động sản,Bất động sản
VID,Công ty Cổ phần Đầu tư Phát triển Thương mại Viễn Đông,HOSE,Nguyên vật liệu,Tài nguyên Cơ bản,Lâm nghiệp và Giấy
VIE,Công ty Cổ phần Công nghệ Viễn thông VI TE CO,UPCOM,Công nghệ Thông tin,Công nghệ Thông tin,Thiết bị và Phần cứng
VIF,Tổng Công ty Lâm nghiệp Việt Nam - Công ty Cổ phần,HNX,Nguyên vật liệu,Tài nguyên Cơ bản,Lâm nghiệp và Giấy
VIG,Công ty Cổ phần Chứng khoán Đầu tư Tài chính Việt Nam,HNX,Tài chính,Dịch vụ tài chính,Dịch vụ tài chính
VIM,Công ty Cổ phần Khoáng sản Viglacera,UPCOM,Nguyên vật liệu,Tài nguyên Cơ bản,Khai khoáng
VIN,Công ty Cổ phần Giao nhận Kho vận Ngoại thương Việt Nam,UPCOM,Công nghiệp,Hàng & Dịch vụ Công nghiệp,Vận tải
VIP,Công ty Cổ phần Vận tải Xăng dầu VIPCO,HOSE,Công nghiệp,Hàng & Dịch vụ Công nghiệp,Vận tải
VIR,Công ty Cổ phần Du lịch Quốc tế Vũng Tàu,UPCOM,Dịch vụ Tiêu dùng,Du lịch và Giải trí,Du lịch & Giải trí
VIT,Công ty Cổ phần Viglacera Tiên Sơn,HNX,Công nghiệp,Xây dựng và Vật liệu,Xây dựng và Vật liệu
VIW,Tổng công ty Đầu tư Nước và Môi trường Việt Nam - Công ty Cổ phần,UPCOM,Công nghiệp,Xây dựng và Vật liệu,Xây dựng và Vật liệu
VIX,Công ty Cổ phần Chứng khoán VIX,HOSE,Tài chính,Dịch vụ tài chính,Dịch vụ tài chính
VJC,Công ty Cổ phần Hàng không Vietjet,HOSE,Dịch vụ Tiêu dùng,Du lịch và Giải trí,Du lịch & Giải trí
VKC,Công ty Cổ phần VKC Holdings,UPCOM,Hàng Tiêu dùng,Ô tô và phụ tùng,Ô tô và phụ tùng
VLA,Công ty Cổ phần Đầu tư và Phát triển Công nghệ Văn Lang,HNX,Công nghệ Thông tin,Công nghệ Thông tin,Phần mềm & Dịch vụ Máy tính
VLB,Công ty Cổ phần Xây dựng và Sản xuất Vật liệu Xây dựng Biên Hòa,UPCOM,Công nghiệp,Xây dựng và Vật liệu,Xây dựng và Vật liệu
VLC,Tổng Công ty Chăn nuôi Việt Nam - Công ty Cổ phần,UPCOM,Hàng Tiêu dùng,Thực phẩm và đồ uống,Sản xuất thực phẩm
VLG,Công ty Cổ phần VIMC Logistics,UPCOM,Công nghiệp,Hàng & Dịch vụ Công nghiệp,Vận tải
VLP,Công ty Cổ phần Công trình Công cộng Vĩnh Long,UPCOM,Công nghiệp,Hàng & Dịch vụ Công nghiệp,Tư vấn & Hỗ trợ Kinh doanh
VLS,Công ty Cổ phần Sản xuất Thép Việt Long,UPCOM,Nguyên vật liệu,Tài nguyên Cơ bản,Kim loại
VLW,Công ty Cổ phần Cấp nước Vĩnh Long,UPCOM,Tiện ích Cộng đồng,"Điện, nước & xăng dầu khí đốt",Nước & Khí đốt
VMA,Công ty Cổ phần Công nghiệp Ô tô - Vinacomin,UPCOM,Hàng Tiêu dùng,Ô tô và phụ tùng,Ô tô và phụ tùng
VMC,Công ty Cổ phần VIMECO,HNX,Công nghiệp,Xây dựng và Vật liệu,Xây dựng và Vật liệu
VMD,Công ty Cổ phần Y Dược phẩm Vimedimex,HOSE,Dược phẩm và Y tế,Y tế,Dược phẩm
VMG,Công ty Cổ phần Thương mại và Dịch vụ Dầu khí Vũng Tàu,UPCOM,Tiện ích Cộng đồng,"Điện, nước & xăng dầu khí đốt",Nước & Khí đốt
VMK,Công ty Cổ phần Vimarko,UPCOM,Công nghiệp,Xây dựng và Vật liệu,Xây dựng và Vật liệu
VMS,Công ty Cổ phần Phát triển Hàng Hải,HNX,Công nghiệp,Hàng & Dịch vụ Công nghiệp,Vận tải
VMT,Công ty Cổ phần Giao nhận Vận tải Miền Trung,UPCOM,Công nghiệp,Hàng & Dịch vụ Công nghiệp,Vận tải
VNA,Công ty Cổ phần Vận tải biển Vinaship,UPCOM,Công nghiệp,Hàng & Dịch vụ Công nghiệp,Vận tải
VNB,Công ty Cổ phần Sách Việt Nam,UPCOM,Dịch vụ Tiêu dùng,Truyền thông,Truyền thông
VNC,Công ty Cổ phần Tập đoàn Vinacontrol,HNX,Công nghiệp,Hàng & Dịch vụ Công nghiệp,Tư vấn & Hỗ trợ Kinh doanh
VND,Công ty Cổ phần Chứng khoán VNDIRECT,HOSE,Tài chính,Dịch vụ tài chính,Dịch vụ tài chính
VNE,Tổng Công ty Cổ phần Xây dựng điện Việt Nam,UPCOM,Công nghiệp,Xây dựng và Vật liệu,Xây dựng và Vật liệu
VNF,Công ty Cổ phần Vinafreight,HNX,Công nghiệp,Hàng & Dịch vụ Công nghiệp,Vận tải
VNG,Công ty Cổ phần Du Lịch Thành Thành Công,HOSE,Dịch vụ Tiêu dùng,Du lịch và Giải trí,Du lịch & Giải trí
VNH,Công ty Cổ phần Đầu tư Việt Việt Nhật,UPCOM,Hàng Tiêu dùng,Thực phẩm và đồ uống,Sản xuất thực phẩm
VNI,Công ty Cổ phần Đầu tư Bất động sản Việt Nam,UPCOM,Tài chính,Bất động sản,Bất động sản
VNL,Công ty Cổ phần Logistics Vinalink,HOSE,Công nghiệp,Hàng & Dịch vụ Công nghiệp,Vận tải
VNM,Công ty Cổ phần Sữa Việt Nam,HOSE,Hàng Tiêu dùng,Thực phẩm và đồ uống,Sản xuất thực phẩm
VNP,Công ty Cổ phần Nhựa Việt Nam,UPCOM,Nguyên vật liệu,Hóa chất,Hóa chất
VNR,Tổng Công ty Cổ phần Tái bảo hiểm Quốc gia Việt Nam,HNX,Tài chính,Bảo hiểm,Bảo hiểm phi nhân thọ
VNS,Công ty Cổ phần Ánh Dương Việt Nam,HOSE,Dịch vụ Tiêu dùng,Du lịch và Giải trí,Du lịch & Giải trí
VNT,Công ty Cổ phần Giao nhận Vận tải Ngoại Thương,HNX,Công nghiệp,Hàng & Dịch vụ Công nghiệp,Vận tải
VNX,Công ty Cổ phần Quảng cáo và Hội chợ Thương mại Vinexad,UPCOM,Dịch vụ Tiêu dùng,Truyền thông,Truyền thông
VNY,Công ty Cổ phần Thuốc thú y Trung ương I,UPCOM,Nguyên vật liệu,Hóa chất,Hóa chất
VNZ,Công ty Cổ phần Tập đoàn VNG,UPCOM,Dịch vụ Tiêu dùng,Truyền thông,Truyền thông
VOS,Công ty Cổ phần Vận tải Biển Việt Nam,HOSE,Công nghiệp,Hàng & Dịch vụ Công nghiệp,Vận tải
VPA,Công ty Cổ phần Vận tải Hóa dầu VP,UPCOM,Công nghiệp,Hàng & Dịch vụ Công nghiệp,Vận tải
VPB,Ngân hàng Thương mại Cổ phần Việt Nam Thịnh Vượng,HOSE,Ngân hàng,Ngân hàng,Ngân hàng
VPC,Công ty Cổ phần Đầu tư và Phát triển Năng lượng Việt Nam,UPCOM,Công nghiệp,Xây dựng và Vật liệu,Xây dựng và Vật liệu
VPD,Công ty Cổ phần Phát triển Điện lực Việt Nam,HOSE,Tiện ích Cộng đồng,"Điện, nước & xăng dầu khí đốt",Sản xuất & Phân phối Điện
VPG,Công ty Cổ phần Đầu tư Thương mại Xuất nhập khẩu Việt Phát,HOSE,Nguyên vật liệu,Tài nguyên Cơ bản,Khai khoáng
VPH,Công ty Cổ phần Vạn Phát Hưng,HOSE,Tài chính,Bất động sản,Bất động sản
VPI,Công ty Cổ phần Phát triển Bất động sản Văn Phú,HOSE,Tài chính,Bất động sản,Bất động sản
VPL,Công ty Cổ phần Vinpearl,HOSE,Dịch vụ Tiêu dùng,Du lịch và Giải trí,Du lịch & Giải trí
VPR,Công ty Cổ phần VINAPRINT,UPCOM,Dịch vụ Tiêu dùng,Truyền thông,Truyền thông
VPS,Công ty Cổ phần Thuốc sát trùng Việt Nam,HOSE,Nguyên vật liệu,Hóa chất,Hóa chất
VPW,Công ty Cổ phần Cấp thoát nước số 1 Vĩnh Phúc,UPCOM,Tiện ích Cộng đồng,"Điện, nước & xăng dầu khí đốt",Nước & Khí đốt
VPX,Công ty Cổ phần Chứng khoán VPBank,HOSE,Tài chính,Dịch vụ tài chính,Dịch vụ tài chính
VQC,Công ty Cổ phần Giám định Vinaconmin,UPCOM,Công nghiệp,Hàng & Dịch vụ Công nghiệp,Tư vấn & Hỗ trợ Kinh doanh
VRC,Công ty Cổ phần Bất động sản và Đầu tư VRC,HOSE,Tài chính,Bất động sản,Bất động sản
VRE,Công ty Cổ phần Vincom Retail,HOSE,Tài chính,Bất động sản,Bất động sản
VRG,Công ty Cổ phần Phát triển Đô thị và Khu Công nghiệp Cao Su Việt Nam,UPCOM,Tài chính,Bất động sản,Bất động sản
VSA,Công ty Cổ phần Đại lý Hàng hải Việt Nam,HNX,Công nghiệp,Hàng & Dịch vụ Công nghiệp,Vận tải
VSC,Công ty Cổ phần Container Việt Nam,HOSE,Công nghiệp,Hàng & Dịch vụ Công nghiệp,Vận tải
VSE,Công ty Cổ phần Dịch vụ Đường cao tốc Việt Nam,UPCOM,Công nghiệp,Hàng & Dịch vụ Công nghiệp,Vận tải
VSF,Tổng Công ty Lương thực Miền Nam - Công ty Cổ phần,UPCOM,Hàng Tiêu dùng,Thực phẩm và đồ uống,Sản xuất thực phẩm
VSG,Công ty Cổ phần Container Phía Nam,UPCOM,Công nghiệp,Hàng & Dịch vụ Công nghiệp,Vận tải
VSH,Công ty Cổ phần Thủy điện Vĩnh Sơn - Sông Hinh,HOSE,Tiện ích Cộng đồng,"Điện, nước & xăng dầu khí đốt",Sản xuất & Phân phối Điện
VSI,Công ty Cổ phần Đầu tư và Xây dựng Cấp thoát nước,HOSE,Công nghiệp,Xây dựng và Vật liệu,Xây dựng và Vật liệu
VSM,Công ty Cổ phần Container Miền Trung,HNX,Công nghiệp,Hàng & Dịch vụ Công nghiệp,Vận tải
VSN,Công ty Cổ phần Việt Nam Kỹ Nghệ Súc Sản,UPCOM,Hàng Tiêu dùng,Thực phẩm và đồ uống,Sản xuất thực phẩm
VST,Công ty Cổ phần Vận tải và Thuê Tàu biển Việt Nam,UPCOM,Công nghiệp,Hàng & Dịch vụ Công nghiệp,Vận tải
VTA,Công ty Cổ phần VITALY,UPCOM,Công nghiệp,Xây dựng và Vật liệu,Xây dựng và Vật liệu
VTB,Công ty Cổ phần Viettronics Tân Bình,HOSE,Công nghiệp,Hàng & Dịch vụ Công nghiệp,Điện tử & Thiết bị điện
VTC,Công ty Cổ phần Viễn Thông VTC,HNX,Công nghệ Thông tin,Công nghệ Thông tin,Thiết bị và Phần cứng
VTD,Công ty Cổ phần Vietourist Holdings,UPCOM,Dịch vụ Tiêu dùng,Du lịch và Giải trí,Du lịch & Giải trí
VTE,Công ty Cổ phần VINACAP Kim Long,UPCOM,Công nghệ Thông tin,Công nghệ Thông tin,Thiết bị và Phần cứng
VTG,Công ty Cổ phần Du lịch tỉnh Bà Rịa - Vũng Tàu,UPCOM,Dịch vụ Tiêu dùng,Du lịch và Giải trí,Du lịch & Giải trí
VTH,Công ty Cổ phần Dây cáp điện Việt Thái,HNX,Công nghiệp,Hàng & Dịch vụ Công nghiệp,Điện tử & Thiết bị điện
VTI,Công ty Cổ phần Sản xuất - Xuất nhập khẩu Dệt may,UPCOM,Hàng Tiêu dùng,Hàng cá nhân & Gia dụng,Hàng cá nhân
VTJ,Công ty Cổ phần Thương mại và Đầu tư VI NA TA BA,HNX,Hàng Tiêu dùng,Hàng cá nhân & Gia dụng,Thuốc lá
VTK,Công ty Cổ phần Tư vấn và Dịch vụ Viettel,UPCOM,Công nghiệp,Hàng & Dịch vụ Công nghiệp,Tư vấn & Hỗ trợ Kinh doanh
VTM,Công ty Cổ phần Vận tải và Đưa đón thợ mỏ - Vinacomin,UPCOM,Dịch vụ Tiêu dùng,Du lịch và Giải trí,Du lịch & Giải trí
VTO,Công ty Cổ phần Vận tải Xăng dầu VITACO,HOSE,Công nghiệp,Hàng & Dịch vụ Công nghiệp,Vận tải
VTP,Tổng Công ty Cổ phần Bưu chính Viettel,HOSE,Công nghiệp,Hàng & Dịch vụ Công nghiệp,Vận tải
VTQ,Công ty Cổ phần Việt Trung Quảng Bình,UPCOM,Nguyên vật liệu,Hóa chất,Hóa chất
VTR,Công ty Cổ phần Du lịch Vietravel,UPCOM,Dịch vụ Tiêu dùng,Du lịch và Giải trí,Du lịch & Giải trí
VTV,Công ty Cổ phần Năng lượng và Môi trường VICEM,HNX,Công nghiệp,Xây dựng và Vật liệu,Xây dựng và Vật liệu
VTX,Công ty Cổ phần Vận tải Đa phương thức VIETRANSTIMEX,UPCOM,Công nghiệp,Hàng & Dịch vụ Công nghiệp,Vận tải
VTZ,Công ty Cổ phần Sản xuất và Thương mại Nhựa Việt Thành,HNX,Nguyên vật liệu,Hóa chất,Hóa chất
VUA,Công ty Cổ phần Chứng khoán Stanley Brothers,UPCOM,Tài chính,Dịch vụ tài chính,Dịch vụ tài chính
VUG,Công Ty Cổ Phần Thủy Sản Việt Úc,UPCOM,Hàng Tiêu dùng,Thực phẩm và đồ uống,Sản xuất thực phẩm
VVN,Tổng Công ty Cổ phần Xây dựng Công nghiệp Việt Nam,UPCOM,Công nghiệp,Xây dựng và Vật liệu,Xây dựng và Vật liệu
VVS,Công ty Cổ phần Đầu tư Phát triển Máy Việt Nam,HOSE,Hàng Tiêu dùng,Ô tô và phụ tùng,Ô tô và phụ tùng
VW1,Công ty cổ phần Xây dựng Cấp thoát nước số 1 - Viwaseen.1,UPCOM,Công nghiệp,Xây dựng và Vật liệu,Xây dựng và Vật liệu
VW3,Công ty Cổ phần VIWASEEN3,UPCOM,Công nghiệp,Xây dựng và Vật liệu,Xây dựng và Vật liệu
VWS,Công ty Cổ phần Nước và Môi trường Việt Nam,UPCOM,Tiện ích Cộng đồng,"Điện, nước & xăng dầu khí đốt",Nước & Khí đốt
VXB,Công ty Cổ phần Vật liệu xây dựng Bến Tre,UPCOM,Công nghiệp,Xây dựng và Vật liệu,Xây dựng và Vật liệu
VXP,Công ty Cổ phần Thuốc Thú y Trung ương VETVACO,UPCOM,Nguyên vật liệu,Hóa chất,Hóa chất
VXT,Công ty Cổ phần Kho vận và dịch vụ thương mại,UPCOM,Công nghiệp,Hàng & Dịch vụ Công nghiệp,Tư vấn & Hỗ trợ Kinh doanh
WCS,Công ty Cổ phần Bến xe Miền Tây,HNX,Công nghiệp,Hàng & Dịch vụ Công nghiệp,Vận tải
WSB,Công ty Cổ phần Bia Sài Gòn - Miền Tây,UPCOM,Hàng Tiêu dùng,Thực phẩm và đồ uống,Bia và đồ uống
WSS,Công ty Cổ phần Chứng khoán Phố Wall,HNX,Tài chính,Dịch vụ tài chính,Dịch vụ tài chính
WTC,Công ty Cổ phần Vận tải thủy - Vinacomin,UPCOM,Công nghiệp,Hàng & Dịch vụ Công nghiệp,Vận tải
X20,Công ty Cổ phần X20,HNX,Hàng Tiêu dùng,Hàng cá nhân & Gia dụng,Hàng cá nhân
X26,Công ty Cổ phần 26,UPCOM,Hàng Tiêu dùng,Hàng cá nhân & Gia dụng,Hàng cá nhân
X77,Công ty Cổ phần Thành An 77,UPCOM,Công nghiệp,Xây dựng và Vật liệu,Xây dựng và Vật liệu
XDH,Công ty Cổ phần Đầu tư Xây dựng Dân dụng Hà Nội,UPCOM,Tài chính,Bất động sản,Bất động sản
XHC,Công ty Cổ phần Xuân Hòa Việt Nam,UPCOM,Hàng Tiêu dùng,Hàng cá nhân & Gia dụng,Hàng gia dụng
XLV,Công ty Cổ phần Xây lắp và Dịch vụ Sông Đà,UPCOM,Công nghiệp,Xây dựng và Vật liệu,Xây dựng và Vật liệu
XMC,Công ty cổ phần Đầu tư và Xây dựng Xuân Mai,UPCOM,Công nghiệp,Xây dựng và Vật liệu,Xây dựng và Vật liệu
XMD,Công ty Cổ phần Xuân Mai - Đạo Tú,UPCOM,Công nghiệp,Xây dựng và Vật liệu,Xây dựng và Vật liệu
XMP,Công ty Cổ phần Thủy điện Xuân Minh,UPCOM,Tiện ích Cộng đồng,"Điện, nước & xăng dầu khí đốt",Sản xuất & Phân phối Điện
XPH,Công ty Cổ phần Xà phòng Hà Nội,UPCOM,Hàng Tiêu dùng,Hàng cá nhân & Gia dụng,Hàng cá nhân
YBC,Công ty Cổ phần Xi măng và Khoáng sản Yên Bái,UPCOM,Công nghiệp,Xây dựng và Vật liệu,Xây dựng và Vật liệu
YBM,Công ty Cổ phần Khoáng sản Công nghiệp Yên Bái,HOSE,Nguyên vật liệu,Tài nguyên Cơ bản,Khai khoáng
YEG,Công ty Cổ phần Tập đoàn Yeah1,HOSE,Dịch vụ Tiêu dùng,Truyền thông,Truyền thông
YTC,Công ty Cổ phần Xuất nhập khẩu Y tế Thành phố Hồ Chí Minh,UPCOM,Dược phẩm và Y tế,Y tế,Thiết bị và Dịch vụ Y tế
